datetime, portfolio_type, cash, portfolio_value, pnl, daily_pnl, market_value, transaction_cost
20120104, Stock, 5738.16, 99350.16, -649.84, 0, 93612.00, 25.00
20120105, Stock, 24719.47, 98404.47, -1595.53, 0, 73685.00, 48.85
20120106, Stock, 13456.12, 98607.12, -1392.88, 0, 85151.00, 43.96
20120109, Stock, 1230.83, 101668.83, 1668.83, 0, 100438.00, 18.41
20120110, Stock, 1230.83, 105030.83, 5030.83, 0, 103800.00, 0
20120111, Stock, 1230.83, 104158.83, 4158.83, 0, 102928.00, 0
20120112, Stock, 1230.83, 104682.83, 4682.83, 0, 103452.00, 0
20120113, Stock, 311.17, 101027.17, 1027.17, 0, 100716.00, 47.39
20120116, Stock, 311.17, 98752.17, -1247.83, 0, 98441.00, 0
20120117, Stock, 311.17, 104616.17, 4616.17, 0, 104305.00, 0
20120118, Stock, 311.17, 103039.17, 3039.17, 0, 102728.00, 0
20120119, Stock, 311.17, 104836.17, 4836.17, 0, 104525.00, 0
20120120, Stock, 311.17, 106775.17, 6775.17, 0, 106464.00, 0
20120130, Stock, 311.17, 105165.17, 5165.17, 0, 104854.00, 0
20120131, Stock, 311.17, 106150.17, 6150.17, 0, 105839.00, 0
20120201, Stock, 311.17, 105093.17, 5093.17, 0, 104782.00, 0
20120202, Stock, 311.17, 106827.17, 6827.17, 0, 106516.00, 0
20120203, Stock, 311.17, 107690.17, 7690.17, 0, 107379.00, 0
20120206, Stock, 311.17, 107206.17, 7206.17, 0, 106895.00, 0
20120207, Stock, 311.17, 105139.17, 5139.17, 0, 104828.00, 0
20120208, Stock, 311.17, 108095.17, 8095.17, 0, 107784.00, 0
20120209, Stock, 311.17, 110246.17, 10246.17, 0, 109935.00, 0
20120210, Stock, 311.17, 111898.17, 11898.17, 0, 111587.00, 0
20120213, Stock, 311.17, 111126.17, 11126.17, 0, 110815.00, 0
20120214, Stock, 311.17, 112490.17, 12490.17, 0, 112179.00, 0
20120215, Stock, 311.17, 113414.17, 13414.17, 0, 113103.00, 0
20120216, Stock, 311.17, 113024.17, 13024.17, 0, 112713.00, 0
20120217, Stock, 311.17, 112768.17, 12768.17, 0, 112457.00, 0
20120220, Stock, 311.17, 113601.17, 13601.17, 0, 113290.00, 0
20120221, Stock, 311.17, 116056.17, 16056.17, 0, 115745.00, 0
20120222, Stock, 311.17, 119942.17, 19942.17, 0, 119631.00, 0
20120223, Stock, 311.17, 120262.17, 20262.17, 0, 119951.00, 0
20120224, Stock, 311.17, 123317.17, 23317.17, 0, 123006.00, 0
20120227, Stock, 311.17, 123285.17, 23285.17, 0, 122974.00, 0
20120228, Stock, 311.17, 123746.17, 23746.17, 0, 123435.00, 0
20120229, Stock, 311.17, 120695.17, 20695.17, 0, 120384.00, 0
20120301, Stock, 311.17, 121846.17, 21846.17, 0, 121535.00, 0
20120302, Stock, 311.17, 126012.17, 26012.17, 0, 125701.00, 0
20120305, Stock, 311.17, 125924.17, 25924.17, 0, 125613.00, 0
20120306, Stock, 311.17, 124437.17, 24437.17, 0, 124126.00, 0
20120307, Stock, 311.17, 122723.17, 22723.17, 0, 122412.00, 0
20120308, Stock, 311.17, 123770.17, 23770.17, 0, 123459.00, 0
20120309, Stock, 311.17, 124402.17, 24402.17, 0, 124091.00, 0
20120312, Stock, 311.17, 123553.17, 23553.17, 0, 123242.00, 0
20120313, Stock, 311.17, 124853.17, 24853.17, 0, 124542.00, 0
20120314, Stock, 311.17, 118567.17, 18567.17, 0, 118256.00, 0
20120315, Stock, 311.17, 114785.17, 14785.17, 0, 114474.00, 0
20120316, Stock, 311.17, 117453.17, 17453.17, 0, 117142.00, 0
20120319, Stock, 311.17, 118601.17, 18601.17, 0, 118290.00, 0
20120320, Stock, 311.17, 116585.17, 16585.17, 0, 116274.00, 0
20120321, Stock, 311.17, 117728.17, 17728.17, 0, 117417.00, 0
20120322, Stock, 12007.33, 118064.33, 18064.33, 0, 106057.00, 60.06
20120323, Stock, 14654.68, 114787.68, 14787.68, 0, 100133.00, 57.37
20120326, Stock, 4189.61, 115129.61, 15129.61, 0, 110940.00, 38.26
20120327, Stock, 4189.61, 115075.61, 15075.61, 0, 110886.00, 0
20120328, Stock, 3481.11, 110891.11, 10891.11, 0, 107410.00, 5.00
20120329, Stock, 7429.90, 110529.90, 10529.90, 0, 103100.00, 46.27
20120330, Stock, 12855.97, 111495.97, 11495.97, 0, 98640.00, 32.74
20120405, Stock, 14954.51, 114169.51, 14169.51, 0, 99215.00, 14.00
20120406, Stock, 5411.12, 114430.12, 14430.12, 0, 109019.00, 10.72
20120409, Stock, 4871.57, 113998.57, 13998.57, 0, 109127.00, 11.36
20120410, Stock, 4871.57, 116096.57, 16096.57, 0, 111225.00, 0
20120411, Stock, 4871.57, 117370.57, 17370.57, 0, 112189.00, 0
20120412, Stock, 4871.57, 119263.57, 19263.57, 0, 114082.00, 0
20120413, Stock, 5274.11, 120647.11, 20647.11, 0, 115063.00, 5.41
20120416, Stock, 5274.11, 120911.11, 20911.11, 0, 115327.00, 0
20120417, Stock, 8331.35, 119193.35, 19193.35, 0, 110862.00, 48.32
20120418, Stock, 36474.81, 122052.81, 22052.81, 0, 85578.00, 34.94
20120419, Stock, 14639.08, 121659.08, 21659.08, 0, 107020.00, 10.14
20120420, Stock, 14639.08, 124434.08, 24434.08, 0, 109795.00, 0
20120423, Stock, 14639.08, 124712.08, 24712.08, 0, 110073.00, 0
20120424, Stock, 14639.08, 126157.08, 26157.08, 0, 111518.00, 0
20120425, Stock, 14639.08, 127701.08, 27701.08, 0, 113062.00, 0
20120426, Stock, 14639.08, 127059.08, 27059.08, 0, 112420.00, 0
20120427, Stock, 14639.08, 124252.08, 24252.08, 0, 109613.00, 0
20120502, Stock, 14639.08, 127347.08, 27347.08, 0, 112708.00, 0
20120503, Stock, 14639.08, 127802.08, 27802.08, 0, 113163.00, 0
20120504, Stock, 14639.08, 127749.08, 27749.08, 0, 113110.00, 0
20120507, Stock, 14639.08, 128933.08, 28933.08, 0, 114294.00, 0
20120508, Stock, 14639.08, 128115.08, 28115.08, 0, 113476.00, 0
20120509, Stock, 14639.08, 124262.08, 24262.08, 0, 109623.00, 0
20120510, Stock, 14639.08, 125004.08, 25004.08, 0, 110365.00, 0
20120511, Stock, 14639.08, 123999.08, 23999.08, 0, 109360.00, 0
20120514, Stock, 14639.08, 124007.08, 24007.08, 0, 109368.00, 0
20120515, Stock, 14639.08, 124431.08, 24431.08, 0, 109792.00, 0
20120516, Stock, 14639.08, 122477.08, 22477.08, 0, 107838.00, 0
20120517, Stock, 14639.08, 124778.08, 24778.08, 0, 110139.00, 0
20120518, Stock, 14639.08, 122226.08, 22226.08, 0, 107587.00, 0
20120521, Stock, 14639.08, 122719.08, 22719.08, 0, 108080.00, 0
20120522, Stock, 14639.08, 123618.08, 23618.08, 0, 108979.00, 0
20120523, Stock, 14639.08, 123549.08, 23549.08, 0, 108910.00, 0
20120524, Stock, 14639.08, 122052.08, 22052.08, 0, 107413.00, 0
20120525, Stock, 14639.08, 120875.08, 20875.08, 0, 106236.00, 0
20120528, Stock, 14639.08, 122779.08, 22779.08, 0, 108140.00, 0
20120529, Stock, 14639.08, 124524.08, 24524.08, 0, 109885.00, 0
20120530, Stock, 14639.08, 124747.08, 24747.08, 0, 110108.00, 0
20120531, Stock, 14639.08, 124481.08, 24481.08, 0, 109842.00, 0
20120601, Stock, 14639.08, 123872.08, 23872.08, 0, 109233.00, 0
20120604, Stock, 4115.52, 120123.52, 20123.52, 0, 116008.00, 85.87
20120605, Stock, 44012.19, 119521.19, 19521.19, 0, 75509.00, 58.39
20120606, Stock, 31009.58, 118818.58, 18818.58, 0, 87809.00, 15.36
20120607, Stock, 35690.92, 118110.92, 18110.92, 0, 82420.00, 25.73
20120608, Stock, 47151.06, 118779.06, 18779.06, 0, 71628.00, 33.64
20120611, Stock, 15992.18, 120351.18, 20351.18, 0, 104359.00, 13.74
20120612, Stock, 17027.90, 120905.90, 20905.90, 0, 103878.00, 6.04
20120613, Stock, 9008.05, 121805.05, 21805.05, 0, 111797.00, 10.00
20120614, Stock, 5288.60, 119796.60, 19796.60, 0, 113508.00, 10.00
20120615, Stock, 5787.00, 118578.00, 18578.00, 0, 111791.00, 0
20120618, Stock, 5795.09, 119341.09, 19341.09, 0, 113546.00, 5.00
20120619, Stock, 5795.09, 118352.09, 18352.09, 0, 112557.00, 0
20120620, Stock, 5562.89, 118040.89, 18040.89, 0, 112478.00, 10.74
20120621, Stock, 5562.89, 117825.89, 17825.89, 0, 112263.00, 0
20120625, Stock, 5562.89, 114595.89, 14595.89, 0, 109033.00, 0
20120626, Stock, 5562.89, 115646.89, 15646.89, 0, 110084.00, 0
20120627, Stock, 5562.89, 115833.89, 15833.89, 0, 110271.00, 0
20120628, Stock, 26079.19, 113917.19, 13917.19, 0, 87838.00, 45.73
20120629, Stock, 22606.94, 114452.94, 14452.94, 0, 91846.00, 5.00
20120702, Stock, 11482.21, 115021.21, 15021.21, 0, 103539.00, 10.72
20120703, Stock, 78.69, 115878.69, 15878.69, 0, 115800.00, 21.17
20120704, Stock, 44.41, 114734.41, 14734.41, 0, 114690.00, 12.93
20120705, Stock, 285.05, 112477.05, 12477.05, 0, 112192.00, 11.15
20120706, Stock, 14386.94, 113997.94, 13997.94, 0, 99611.00, 24.13
20120709, Stock, 14390.37, 111423.37, 11423.37, 0, 97033.00, 30.34
20120710, Stock, 31810.12, 110010.12, 10010.12, 0, 78200.00, 41.83
20120711, Stock, 7219.68, 110152.68, 10152.68, 0, 102933.00, 17.18
20120712, Stock, 5656.69, 111732.69, 11732.69, 0, 106076.00, 13.48
20120713, Stock, 370.15, 110787.15, 10787.15, 0, 110417.00, 19.67
20120716, Stock, 7892.90, 106074.90, 6074.90, 0, 98182.00, 35.35
20120717, Stock, 23755.22, 108172.22, 8172.22, 0, 84417.00, 37.23
20120718, Stock, 5774.79, 107844.79, 7844.79, 0, 102070.00, 5.00
20120719, Stock, 5774.79, 108570.79, 8570.79, 0, 102796.00, 0
20120720, Stock, 4969.81, 107768.81, 7768.81, 0, 102799.00, 5.00
20120723, Stock, 4969.81, 106618.81, 6618.81, 0, 101649.00, 0
20120724, Stock, 4969.81, 107870.81, 7870.81, 0, 102901.00, 0
20120725, Stock, 4969.81, 107041.81, 7041.81, 0, 102072.00, 0
20120726, Stock, 4969.81, 106162.81, 6162.81, 0, 101193.00, 0
20120727, Stock, 4969.81, 106401.81, 6401.81, 0, 101432.00, 0
20120730, Stock, 4595.64, 105700.64, 5700.64, 0, 101105.00, 10.40
20120731, Stock, 5212.89, 104695.89, 4695.89, 0, 99483.00, 5.62
20120801, Stock, 5212.89, 106517.89, 6517.89, 0, 101305.00, 0
20120802, Stock, 5121.45, 104880.45, 4880.45, 0, 99759.00, 10.64
20120803, Stock, 5660.17, 106243.17, 6243.17, 0, 100583.00, 5.54
20120806, Stock, 5660.17, 108027.17, 8027.17, 0, 102367.00, 0
20120807, Stock, 5660.17, 109359.17, 9359.17, 0, 103699.00, 0
20120808, Stock, 5660.17, 108705.17, 8705.17, 0, 103045.00, 0
20120809, Stock, 5247.14, 110011.14, 10011.14, 0, 104764.00, 5.00
20120810, Stock, 5247.14, 110696.14, 10696.14, 0, 105449.00, 0
20120813, Stock, 14922.15, 107816.15, 7816.15, 0, 92894.00, 42.69
20120814, Stock, 15544.42, 108279.42, 8279.42, 0, 92735.00, 30.45
20120815, Stock, 1471.19, 107943.19, 7943.19, 0, 106472.00, 29.85
20120816, Stock, 15139.52, 107760.52, 7760.52, 0, 92621.00, 39.99
20120817, Stock, 9438.74, 107404.74, 7404.74, 0, 97966.00, 35.14
20120820, Stock, 8402.27, 107393.27, 7393.27, 0, 98991.00, 10.40
20120821, Stock, 5526.99, 108655.99, 8655.99, 0, 103129.00, 5.00
20120822, Stock, 5286.82, 106763.82, 6763.82, 0, 101477.00, 5.00
20120823, Stock, 5046.65, 107914.65, 7914.65, 0, 102868.00, 5.00
20120824, Stock, 5030.29, 105686.29, 5686.29, 0, 100656.00, 10.67
20120827, Stock, 4593.14, 103049.14, 3049.14, 0, 98456.00, 5.00
20120828, Stock, 18364.19, 103550.19, 3550.19, 0, 85186.00, 40.88
20120829, Stock, 10045.83, 102524.83, 2524.83, 0, 92479.00, 5.00
20120830, Stock, 5663.68, 101049.68, 1049.68, 0, 95386.00, 21.50
20120831, Stock, 213.18, 101425.18, 1425.18, 0, 101212.00, 29.50
20120903, Stock, 285.11, 103269.11, 3269.11, 0, 102984.00, 16.96
20120904, Stock, 19165.45, 101251.45, 1251.45, 0, 82086.00, 46.07
20120905, Stock, 8680.31, 102346.31, 2346.31, 0, 93666.00, 5.00
20120906, Stock, 6208.66, 103957.66, 3957.66, 0, 97749.00, 10.22
20120907, Stock, 6208.66, 107170.66, 7170.66, 0, 100962.00, 0
20120910, Stock, 6208.66, 107466.66, 7466.66, 0, 101258.00, 0
20120911, Stock, 343.45, 106697.45, 6697.45, 0, 106354.00, 22.56
20120912, Stock, 1967.51, 107637.51, 7637.51, 0, 105670.00, 29.47
20120913, Stock, 6529.39, 105734.39, 5734.39, 0, 99205.00, 31.36
20120914, Stock, 16913.36, 105913.36, 5913.36, 0, 89000.00, 35.90
20120917, Stock, 7304.04, 102060.04, 2060.04, 0, 94756.00, 30.70
20120918, Stock, 27765.50, 101756.50, 1756.50, 0, 73991.00, 46.96
20120919, Stock, 29374.17, 101645.17, 1645.17, 0, 72271.00, 18.40
20120920, Stock, 4877.25, 99039.25, -960.75, 0, 94162.00, 31.02
20120921, Stock, 4767.34, 98009.34, -1990.66, 0, 93242.00, 33.50
20120924, Stock, 461.26, 98232.26, -1767.74, 0, 97771.00, 10.43
20120925, Stock, 4561.50, 97213.50, -2786.50, 0, 92652.00, 9.11
20120926, Stock, 18011.10, 95668.10, -4331.90, 0, 77657.00, 24.40
20120927, Stock, 26404.58, 97200.58, -2799.42, 0, 70796.00, 32.86
20120928, Stock, 26404.58, 98463.58, -1536.42, 0, 72059.00, 0
20121008, Stock, 26404.58, 98124.58, -1875.42, 0, 71720.00, 0
20121009, Stock, 26404.58, 99739.58, -260.42, 0, 73335.00, 0
20121010, Stock, 26404.58, 100807.58, 807.58, 0, 74403.00, 0
20121011, Stock, 26404.58, 99396.58, -603.42, 0, 72992.00, 0
20121012, Stock, 26404.58, 99849.58, -150.42, 0, 73445.00, 0
20121015, Stock, 26404.58, 99303.58, -696.42, 0, 72899.00, 0
20121016, Stock, 26404.58, 99185.58, -814.42, 0, 72781.00, 0
20121017, Stock, 26404.58, 99467.58, -532.42, 0, 73063.00, 0
20121018, Stock, 26404.58, 101275.58, 1275.58, 0, 74871.00, 0
20121019, Stock, 26404.58, 100745.58, 745.58, 0, 74341.00, 0
20121022, Stock, 26404.58, 101616.58, 1616.58, 0, 75212.00, 0
20121023, Stock, 26404.58, 101196.58, 1196.58, 0, 74792.00, 0
20121024, Stock, 26404.58, 102244.58, 2244.58, 0, 75840.00, 0
20121025, Stock, 26404.58, 100259.58, 259.58, 0, 73855.00, 0
20121026, Stock, 26404.58, 98830.58, -1169.42, 0, 72426.00, 0
20121029, Stock, 12301.93, 99379.93, -620.07, 0, 87078.00, 56.89
20121030, Stock, 21401.46, 99161.46, -838.54, 0, 77760.00, 69.28
20121031, Stock, 15908.27, 99479.27, -520.73, 0, 83571.00, 42.55
20121101, Stock, 15908.27, 101519.27, 1519.27, 0, 85611.00, 0
20121102, Stock, 15908.27, 101986.27, 1986.27, 0, 86078.00, 0
20121105, Stock, 15908.27, 102239.27, 2239.27, 0, 86331.00, 0
20121106, Stock, 15908.27, 101227.27, 1227.27, 0, 85319.00, 0
20121107, Stock, 15908.27, 100773.27, 773.27, 0, 84865.00, 0
20121108, Stock, 15908.27, 98958.27, -1041.73, 0, 83050.00, 0
20121109, Stock, 15908.27, 99232.27, -767.73, 0, 83324.00, 0
20121112, Stock, 15908.27, 100880.27, 880.27, 0, 84972.00, 0
20121113, Stock, 15908.27, 99151.27, -848.73, 0, 83243.00, 0
20121114, Stock, 15908.27, 98575.27, -1424.73, 0, 82667.00, 0
20121115, Stock, 15908.27, 97677.27, -2322.73, 0, 81769.00, 0
20121116, Stock, 6366.43, 98023.43, -1976.57, 0, 91657.00, 36.78
20121119, Stock, 20203.03, 98544.03, -1455.97, 0, 78341.00, 30.67
20121120, Stock, 22431.53, 97665.53, -2334.47, 0, 75234.00, 12.24
20121121, Stock, 16236.38, 99924.38, -75.62, 0, 83688.00, 12.31
20121122, Stock, -8.86, 99050.14, -949.86, 0, 99059.00, 30.96
20121123, Stock, 8209.54, 98970.54, -1029.46, 0, 90761.00, 21.14
20121126, Stock, 250.09, 97185.09, -2814.91, 0, 96935.00, 11.45
20121127, Stock, 266.80, 93006.80, -6993.20, 0, 92740.00, 25.23
20121128, Stock, 124.61, 91875.61, -8124.39, 0, 91751.00, 19.23
20121129, Stock, 185.64, 90881.64, -9118.36, 0, 90696.00, 17.58
20121130, Stock, 185.64, 92133.64, -7866.36, 0, 91948.00, 0
20121203, Stock, 3018.68, 90268.68, -9731.32, 0, 87250.00, 18.92
20121204, Stock, 5222.68, 91747.68, -8252.32, 0, 86525.00, 34.38
20121205, Stock, 24.99, 95135.99, -4864.01, 0, 95111.00, 38.91
20121206, Stock, 2853.75, 94643.75, -5356.25, 0, 91790.00, 21.04
20121207, Stock, 2853.75, 97168.75, -2831.25, 0, 94315.00, 0
20121210, Stock, 2853.75, 98407.75, -1592.25, 0, 95554.00, 0
20121211, Stock, 2853.75, 97414.75, -2585.25, 0, 94561.00, 0
20121212, Stock, 2853.75, 97538.75, -2461.25, 0, 94685.00, 0
20121213, Stock, 2853.75, 96592.75, -3407.25, 0, 93739.00, 0
20121214, Stock, 2853.75, 100760.75, 760.75, 0, 97907.00, 0
20121217, Stock, 2853.75, 102124.75, 2124.75, 0, 99271.00, 0
20121218, Stock, 2853.75, 101535.75, 1535.75, 0, 98682.00, 0
20121219, Stock, 2853.75, 102712.75, 2712.75, 0, 99859.00, 0
20121220, Stock, 2853.75, 102213.75, 2213.75, 0, 99360.00, 0
20121221, Stock, 2853.75, 101968.75, 1968.75, 0, 99115.00, 0
20121224, Stock, 2853.75, 103296.75, 3296.75, 0, 100443.00, 0
20121225, Stock, 2853.75, 106073.75, 6073.75, 0, 103220.00, 0
20121226, Stock, 2853.75, 107468.75, 7468.75, 0, 104615.00, 0
20121227, Stock, 2853.75, 105507.75, 5507.75, 0, 102654.00, 0
20121228, Stock, 2853.75, 106745.75, 6745.75, 0, 103892.00, 0
20121231, Stock, 2853.75, 107538.75, 7538.75, 0, 104685.00, 0
20130104, Stock, 2853.75, 107557.75, 7557.75, 0, 104704.00, 0
20130107, Stock, 2853.75, 108861.75, 8861.75, 0, 106008.00, 0
20130108, Stock, 2853.75, 113095.75, 13095.75, 0, 110242.00, 0
20130109, Stock, 2853.75, 112327.75, 12327.75, 0, 109474.00, 0
20130110, Stock, 2853.75, 111819.75, 11819.75, 0, 108966.00, 0
20130111, Stock, 2853.75, 108859.75, 8859.75, 0, 106006.00, 0
20130114, Stock, 2853.75, 112672.75, 12672.75, 0, 109819.00, 0
20130115, Stock, 2853.75, 114118.75, 14118.75, 0, 111265.00, 0
20130116, Stock, 2853.75, 112850.75, 12850.75, 0, 109997.00, 0
20130117, Stock, 2853.75, 111943.75, 11943.75, 0, 109090.00, 0
20130118, Stock, 2853.75, 113706.75, 13706.75, 0, 110853.00, 0
20130121, Stock, 2853.75, 114673.75, 14673.75, 0, 111820.00, 0
20130122, Stock, 2853.75, 112268.75, 12268.75, 0, 109415.00, 0
20130123, Stock, 2853.75, 112653.75, 12653.75, 0, 109800.00, 0
20130124, Stock, 2853.75, 109098.75, 9098.75, 0, 106245.00, 0
20130125, Stock, 2853.75, 108855.75, 8855.75, 0, 106002.00, 0
20130128, Stock, 2853.75, 112652.75, 12652.75, 0, 109799.00, 0
20130129, Stock, 2853.75, 113198.75, 13198.75, 0, 110345.00, 0
20130130, Stock, 2853.75, 113247.75, 13247.75, 0, 110394.00, 0
20130131, Stock, 2853.75, 113081.75, 13081.75, 0, 110228.00, 0
20130201, Stock, 2853.75, 113492.75, 13492.75, 0, 110639.00, 0
20130204, Stock, 2853.75, 112554.75, 12554.75, 0, 109701.00, 0
20130205, Stock, 2853.75, 113171.75, 13171.75, 0, 110318.00, 0
20130206, Stock, 2853.75, 113687.75, 13687.75, 0, 110834.00, 0
20130207, Stock, 2853.75, 114748.75, 14748.75, 0, 111895.00, 0
20130208, Stock, 2853.75, 116825.75, 16825.75, 0, 113972.00, 0
20130218, Stock, 2853.75, 117798.75, 17798.75, 0, 114945.00, 0
20130219, Stock, 2853.75, 115494.75, 15494.75, 0, 112641.00, 0
20130220, Stock, 2853.75, 118199.75, 18199.75, 0, 115346.00, 0
20130221, Stock, 2853.75, 115718.75, 15718.75, 0, 112865.00, 0
20130222, Stock, 2853.75, 115082.75, 15082.75, 0, 112229.00, 0
20130225, Stock, 2853.75, 115855.75, 15855.75, 0, 113002.00, 0
20130226, Stock, 2853.75, 114959.75, 14959.75, 0, 112106.00, 0
20130227, Stock, 2853.75, 114700.75, 14700.75, 0, 111847.00, 0
20130228, Stock, 2853.75, 117611.75, 17611.75, 0, 114758.00, 0
20130301, Stock, 2853.75, 119063.75, 19063.75, 0, 116210.00, 0
20130304, Stock, 2853.75, 113019.75, 13019.75, 0, 110166.00, 0
20130305, Stock, 2853.75, 115193.75, 15193.75, 0, 112340.00, 0
20130306, Stock, 2853.75, 117647.75, 17647.75, 0, 114794.00, 0
20130307, Stock, 2853.75, 115275.75, 15275.75, 0, 112422.00, 0
20130308, Stock, 2853.75, 115068.75, 15068.75, 0, 112215.00, 0
20130311, Stock, 2853.75, 114863.75, 14863.75, 0, 112010.00, 0
20130312, Stock, 110.27, 110327.27, 10327.27, 0, 110217.00, 137.19
20130313, Stock, 374.58, 108348.58, 8348.58, 0, 107974.00, 23.28
20130314, Stock, 1005.03, 107692.03, 7692.03, 0, 106687.00, 29.35
20130315, Stock, 6876.59, 108989.59, 8989.59, 0, 102113.00, 10.88
20130318, Stock, 6250.50, 108050.50, 8050.50, 0, 101800.00, 5.00
20130319, Stock, 13093.34, 109776.34, 9776.34, 0, 96683.00, 66.91
20130320, Stock, 7414.23, 112530.23, 12530.23, 0, 105116.00, 91.69
20130321, Stock, 6453.63, 113414.63, 13414.63, 0, 106961.00, 46.70
20130322, Stock, 6453.63, 114531.63, 14531.63, 0, 108078.00, 0
20130325, Stock, 5868.82, 113508.82, 13508.82, 0, 107640.00, 37.06
20130326, Stock, 5235.70, 112451.70, 12451.70, 0, 107216.00, 5.00
20130327, Stock, 5235.70, 112491.70, 12491.70, 0, 107256.00, 0
20130328, Stock, 21923.61, 110184.61, 10184.61, 0, 88261.00, 36.21
20130329, Stock, 27117.89, 110022.89, 10022.89, 0, 82905.00, 74.39
20130401, Stock, 26189.16, 110610.16, 10610.16, 0, 84421.00, 29.48
20130402, Stock, 23163.44, 109676.44, 9676.44, 0, 86513.00, 74.73
20130403, Stock, 31685.85, 108406.85, 8406.85, 0, 76721.00, 31.01
20130408, Stock, 40549.04, 107134.04, 7134.04, 0, 66585.00, 69.84
20130409, Stock, 19029.28, 107477.28, 7477.28, 0, 88448.00, 16.62
20130410, Stock, 8096.21, 106650.21, 6650.21, 0, 98554.00, 39.08
20130411, Stock, 6615.87, 106292.87, 6292.87, 0, 99677.00, 5.00
20130412, Stock, 6615.87, 104261.87, 4261.87, 0, 97646.00, 0
20130415, Stock, 663.74, 103460.74, 3460.74, 0, 102797.00, 19.33
20130416, Stock, 1007.76, 104570.76, 4570.76, 0, 103563.00, 37.81
20130417, Stock, 18223.87, 106027.87, 6027.87, 0, 87804.00, 27.24
20130418, Stock, 34147.19, 106762.19, 6762.19, 0, 72615.00, 41.93
20130419, Stock, 20855.87, 107961.87, 7961.87, 0, 87106.00, 27.03
20130422, Stock, 10928.01, 107891.01, 7891.01, 0, 96963.00, 18.96
20130423, Stock, -75.20, 105293.80, 5293.80, 0, 105369.00, 18.05
20130424, Stock, 36517.20, 107064.20, 7064.20, 0, 70547.00, 105.18
20130425, Stock, 22438.18, 106556.18, 6556.18, 0, 84118.00, 5.00
20130426, Stock, 6224.54, 106747.54, 6747.54, 0, 100523.00, 5.00
20130502, Stock, 1128.37, 107638.37, 7638.37, 0, 106510.00, 16.17
20130503, Stock, 6213.87, 108504.87, 8504.87, 0, 102291.00, 34.45
20130506, Stock, 5785.77, 109293.77, 9293.77, 0, 103508.00, 5.00
20130507, Stock, 5785.77, 108717.77, 8717.77, 0, 102932.00, 0
20130508, Stock, 5785.77, 110157.77, 10157.77, 0, 104372.00, 0
20130509, Stock, 38271.15, 111066.15, 11066.15, 0, 72795.00, 67.38
20130510, Stock, 12384.24, 110612.24, 10612.24, 0, 98228.00, 19.29
20130513, Stock, 5219.78, 111042.78, 11042.78, 0, 105823.00, 10.81
20130514, Stock, 12002.81, 111546.81, 11546.81, 0, 99544.00, 16.80
20130515, Stock, 741.09, 112776.09, 12776.09, 0, 112035.00, 49.15
20130516, Stock, 8415.78, 113998.78, 13998.78, 0, 105583.00, 27.15
20130517, Stock, 8415.78, 115076.78, 15076.78, 0, 106661.00, 0
20130520, Stock, 8415.78, 115941.78, 15941.78, 0, 107526.00, 0
20130521, Stock, 8415.78, 116753.78, 16753.78, 0, 108338.00, 0
20130522, Stock, 8415.78, 115928.78, 15928.78, 0, 107513.00, 0
20130523, Stock, 8755.78, 116046.78, 16046.78, 0, 107291.00, 0
20130524, Stock, 8755.78, 117330.78, 17330.78, 0, 108575.00, 0
20130527, Stock, 8755.78, 119066.78, 19066.78, 0, 110311.00, 0
20130528, Stock, 8755.78, 118714.78, 18714.78, 0, 109959.00, 0
20130529, Stock, 8755.78, 119215.78, 19215.78, 0, 110460.00, 0
20130530, Stock, 8755.78, 121362.78, 21362.78, 0, 112607.00, 0
20130531, Stock, 8755.78, 123137.78, 23137.78, 0, 114382.00, 0
20130603, Stock, 8755.78, 123069.78, 23069.78, 0, 114314.00, 0
20130604, Stock, 8755.78, 121530.78, 21530.78, 0, 112775.00, 0
20130605, Stock, 8755.78, 120512.78, 20512.78, 0, 111757.00, 0
20130606, Stock, 9371.47, 118074.47, 18074.47, 0, 108703.00, 80.84
20130607, Stock, 6835.11, 116036.11, 16036.11, 0, 109201.00, 37.38
20130613, Stock, 59.29, 111636.29, 11636.29, 0, 111577.00, 59.48
20130614, Stock, 5190.59, 113306.59, 13306.59, 0, 108116.00, 22.80
20130617, Stock, 6541.42, 112424.42, 12424.42, 0, 105883.00, 6.36
20130618, Stock, 5932.41, 112610.41, 12610.41, 0, 106678.00, 5.00
20130619, Stock, 6523.82, 112808.82, 12808.82, 0, 106285.00, 5.60
20130620, Stock, 6523.82, 109882.82, 9882.82, 0, 103359.00, 0
20130621, Stock, 854.04, 109595.04, 9595.04, 0, 108741.00, 17.24
20130624, Stock, 1093.54, 101431.54, 1431.54, 0, 100338.00, 16.89
20130625, Stock, 7715.14, 100254.14, 254.14, 0, 92539.00, 48.14
20130626, Stock, 265.15, 101166.15, 1166.15, 0, 100901.00, 11.18
20130627, Stock, 4935.95, 98159.95, -1840.05, 0, 93224.00, 9.68
20130628, Stock, 199.17, 98047.17, -1952.83, 0, 97848.00, 23.58
20130701, Stock, 5041.28, 99807.28, -192.72, 0, 94766.00, 20.19
20130702, Stock, 263.31, 101490.31, 1490.31, 0, 101227.00, 23.03
20130703, Stock, 15657.55, 101383.55, 1383.55, 0, 85726.00, 31.95
20130704, Stock, 15657.55, 101721.55, 1721.55, 0, 86064.00, 0
20130705, Stock, 16398.06, 101106.06, 1106.06, 0, 84708.00, 5.75
20130708, Stock, 14444.39, 99090.39, -909.61, 0, 84646.00, 10.00
20130709, Stock, 2617.50, 98691.50, -1308.50, 0, 96074.00, 16.47
20130710, Stock, 13192.26, 101337.26, 1337.26, 0, 88145.00, 32.91
20130711, Stock, 5691.33, 103936.33, 3936.33, 0, 98245.00, 10.51
20130712, Stock, 5308.45, 103126.45, 3126.45, 0, 97818.00, 5.00
20130715, Stock, 5480.26, 104721.26, 4721.26, 0, 99241.00, 10.55
20130716, Stock, 16175.76, 105618.76, 5618.76, 0, 89443.00, 29.99
20130717, Stock, 12381.91, 104144.91, 4144.91, 0, 91763.00, 5.00
20130718, Stock, 14307.44, 103504.44, 3504.44, 0, 89197.00, 28.65
20130719, Stock, 4890.26, 101931.26, 1931.26, 0, 97041.00, 25.50
20130722, Stock, -31.60, 102567.40, 2567.40, 0, 102599.00, 15.40
20130723, Stock, 9361.65, 106044.65, 6044.65, 0, 96683.00, 24.78
20130724, Stock, 8479.86, 107156.86, 7156.86, 0, 98677.00, 20.59
20130725, Stock, 6195.52, 106755.52, 6755.52, 0, 100560.00, 5.00
20130726, Stock, 6443.04, 106742.04, 6742.04, 0, 100299.00, 10.61
20130729, Stock, 7258.31, 103837.31, 3837.31, 0, 96579.00, 20.99
20130730, Stock, 17388.31, 104534.31, 4534.31, 0, 87146.00, 28.78
20130731, Stock, 31710.57, 105312.57, 5312.57, 0, 73602.00, 35.56
20130801, Stock, 14515.07, 107472.07, 7472.07, 0, 92957.00, 10.00
20130802, Stock, 6268.65, 108323.65, 8323.65, 0, 102055.00, 10.59
20130805, Stock, 6268.65, 109756.65, 9756.65, 0, 103488.00, 0
20130806, Stock, 6268.65, 110562.65, 10562.65, 0, 104294.00, 0
20130807, Stock, 6268.65, 109149.65, 9149.65, 0, 102881.00, 0
20130808, Stock, 6268.65, 110446.65, 10446.65, 0, 104178.00, 0
20130809, Stock, 6268.65, 111669.65, 11669.65, 0, 105401.00, 0
20130812, Stock, 6268.65, 114067.65, 14067.65, 0, 107799.00, 0
20130813, Stock, 6268.65, 114653.65, 14653.65, 0, 108385.00, 0
20130814, Stock, 6268.65, 114550.65, 14550.65, 0, 108282.00, 0
20130815, Stock, 6268.65, 112549.65, 12549.65, 0, 106281.00, 0
20130816, Stock, 6268.65, 109243.65, 9243.65, 0, 102975.00, 0
20130819, Stock, 6268.65, 112031.65, 12031.65, 0, 105763.00, 0
20130820, Stock, 6268.65, 111490.65, 11490.65, 0, 105222.00, 0
20130821, Stock, 6268.65, 112434.65, 12434.65, 0, 106166.00, 0
20130822, Stock, 6268.65, 114404.65, 14404.65, 0, 108136.00, 0
20130823, Stock, 345.14, 112839.14, 12839.14, 0, 112494.00, 46.50
20130826, Stock, 345.14, 114310.14, 14310.14, 0, 113965.00, 0
20130827, Stock, 345.14, 115120.14, 15120.14, 0, 114775.00, 0
20130828, Stock, 345.14, 113110.14, 13110.14, 0, 112765.00, 0
20130829, Stock, 345.14, 112797.14, 12797.14, 0, 112452.00, 0
20130830, Stock, 345.14, 111670.14, 11670.14, 0, 111325.00, 0
20130902, Stock, 345.14, 112768.14, 12768.14, 0, 112423.00, 0
20130903, Stock, 345.14, 114150.14, 14150.14, 0, 113805.00, 0
20130904, Stock, 345.14, 114612.14, 14612.14, 0, 114267.00, 0
20130905, Stock, 345.14, 114604.14, 14604.14, 0, 114259.00, 0
20130906, Stock, 345.14, 115235.14, 15235.14, 0, 114890.00, 0
20130909, Stock, 345.14, 116143.14, 16143.14, 0, 115798.00, 0
20130910, Stock, 345.14, 116385.14, 16385.14, 0, 116040.00, 0
20130911, Stock, 345.14, 115944.14, 15944.14, 0, 115599.00, 0
20130912, Stock, 345.14, 116948.14, 16948.14, 0, 116603.00, 0
20130913, Stock, 345.14, 117895.14, 17895.14, 0, 117550.00, 0
20130916, Stock, 345.14, 116692.14, 16692.14, 0, 116347.00, 0
20130917, Stock, 345.14, 113929.14, 13929.14, 0, 113584.00, 0
20130918, Stock, 345.14, 114757.14, 14757.14, 0, 114412.00, 0
20130923, Stock, 345.14, 116626.14, 16626.14, 0, 116281.00, 0
20130924, Stock, 345.14, 115549.14, 15549.14, 0, 115204.00, 0
20130925, Stock, 345.14, 115515.14, 15515.14, 0, 115170.00, 0
20130926, Stock, 345.14, 113133.14, 13133.14, 0, 112788.00, 0
20130927, Stock, 345.14, 113582.14, 13582.14, 0, 113237.00, 0
20130930, Stock, 345.14, 114561.14, 14561.14, 0, 114216.00, 0
20131008, Stock, 345.14, 116772.14, 16772.14, 0, 116427.00, 0
20131009, Stock, 345.14, 117420.14, 17420.14, 0, 117075.00, 0
20131010, Stock, 345.14, 116809.14, 16809.14, 0, 116464.00, 0
20131011, Stock, 345.14, 118589.14, 18589.14, 0, 118244.00, 0
20131014, Stock, 345.14, 120709.14, 20709.14, 0, 120364.00, 0
20131015, Stock, 345.14, 119465.14, 19465.14, 0, 119120.00, 0
20131016, Stock, 345.14, 116472.14, 16472.14, 0, 116127.00, 0
20131017, Stock, 345.14, 117471.14, 17471.14, 0, 117126.00, 0
20131018, Stock, 345.14, 117667.14, 17667.14, 0, 117322.00, 0
20131021, Stock, 345.14, 120209.14, 20209.14, 0, 119864.00, 0
20131022, Stock, 345.14, 120869.14, 20869.14, 0, 120524.00, 0
20131023, Stock, 345.14, 118429.14, 18429.14, 0, 118084.00, 0
20131024, Stock, 345.14, 118295.14, 18295.14, 0, 117950.00, 0
20131025, Stock, 345.14, 117054.14, 17054.14, 0, 116709.00, 0
20131028, Stock, 345.14, 114537.14, 14537.14, 0, 114192.00, 0
20131029, Stock, 345.14, 111208.14, 11208.14, 0, 110863.00, 0
20131030, Stock, 345.14, 113070.14, 13070.14, 0, 112725.00, 0
20131031, Stock, 599.29, 112010.29, 12010.29, 0, 111411.00, 69.90
20131101, Stock, 147.69, 111652.69, 11652.69, 0, 111505.00, 45.14
20131104, Stock, -6.02, 112082.98, 12082.98, 0, 112089.00, 31.92
20131105, Stock, 6764.02, 112458.02, 12458.02, 0, 105694.00, 27.71
20131106, Stock, 6017.90, 110896.90, 10896.90, 0, 104879.00, 10.59
20131107, Stock, 5716.43, 109760.43, 9760.43, 0, 104044.00, 5.00
20131108, Stock, 5716.43, 110098.43, 10098.43, 0, 104382.00, 0
20131111, Stock, 5716.43, 109790.43, 9790.43, 0, 104074.00, 0
20131112, Stock, 6008.32, 111201.32, 11201.32, 0, 105193.00, 10.60
20131113, Stock, 6008.32, 109224.32, 9224.32, 0, 103216.00, 0
20131114, Stock, 5424.44, 111147.44, 11147.44, 0, 105723.00, 5.00
20131115, Stock, 5424.44, 113645.44, 13645.44, 0, 108221.00, 0
20131118, Stock, 5424.44, 115112.44, 15112.44, 0, 109688.00, 0
20131119, Stock, 5424.44, 115585.44, 15585.44, 0, 110161.00, 0
20131120, Stock, 5424.44, 115939.44, 15939.44, 0, 110515.00, 0
20131121, Stock, 5424.44, 115257.44, 15257.44, 0, 109833.00, 0
20131122, Stock, 5424.44, 113160.44, 13160.44, 0, 107736.00, 0
20131125, Stock, 5424.44, 113747.44, 13747.44, 0, 108323.00, 0
20131126, Stock, 5940.15, 114677.15, 14677.15, 0, 108737.00, 16.45
20131127, Stock, 5940.15, 115045.15, 15045.15, 0, 109105.00, 0
20131128, Stock, 5940.15, 115764.15, 15764.15, 0, 109824.00, 0
20131129, Stock, 5940.15, 117863.15, 17863.15, 0, 111923.00, 0
20131202, Stock, 5940.15, 115503.15, 15503.15, 0, 109563.00, 0
20131203, Stock, 5940.15, 120434.15, 20434.15, 0, 114494.00, 0
20131204, Stock, 5940.15, 124366.15, 24366.15, 0, 118426.00, 0
20131205, Stock, 5940.15, 123233.15, 23233.15, 0, 117293.00, 0
20131206, Stock, 5940.15, 121134.15, 21134.15, 0, 115194.00, 0
20131209, Stock, 5940.15, 124849.15, 24849.15, 0, 118909.00, 0
20131210, Stock, 5940.15, 123722.15, 23722.15, 0, 117782.00, 0
20131211, Stock, 5940.15, 121705.15, 21705.15, 0, 115765.00, 0
20131212, Stock, 18738.78, 121969.78, 21969.78, 0, 103231.00, 86.67
20131213, Stock, 18738.78, 122157.78, 22157.78, 0, 103419.00, 0
20131216, Stock, 9510.90, 120207.90, 20207.90, 0, 110697.00, 5.00
20131217, Stock, 5828.63, 118807.63, 18807.63, 0, 112979.00, 10.00
20131218, Stock, 5828.63, 118909.63, 18909.63, 0, 113081.00, 0
20131219, Stock, 5828.63, 117748.63, 17748.63, 0, 111920.00, 0
20131220, Stock, 193.12, 116342.12, 16342.12, 0, 116149.00, 20.32
20131223, Stock, 5863.46, 114887.46, 14887.46, 0, 109024.00, 26.64
20131224, Stock, 5863.46, 115764.46, 15764.46, 0, 109901.00, 0
20131225, Stock, 5863.46, 117919.46, 17919.46, 0, 112056.00, 0
20131226, Stock, 11786.40, 114360.40, 14360.40, 0, 102574.00, 37.88
20131227, Stock, 5494.44, 115144.44, 15144.44, 0, 109650.00, 25.95
20131230, Stock, 27133.70, 115072.70, 15072.70, 0, 87939.00, 26.87
20131231, Stock, 21022.32, 115559.32, 15559.32, 0, 94537.00, 5.00
20140102, Stock, 114.89, 115372.89, 15372.89, 0, 115258.00, 17.59
20140103, Stock, 273.28, 114255.28, 14255.28, 0, 113982.00, 14.95
20140106, Stock, 5393.30, 110296.30, 10296.30, 0, 104903.00, 50.52
20140107, Stock, 1749.93, 110030.93, 10030.93, 0, 108281.00, 88.29
20140108, Stock, 6176.18, 109168.18, 9168.18, 0, 102992.00, 14.44
20140109, Stock, 6176.18, 107640.18, 7640.18, 0, 101464.00, 0
20140110, Stock, 6176.18, 106915.18, 6915.18, 0, 100739.00, 0
20140113, Stock, 591.95, 107642.95, 7642.95, 0, 107051.00, 35.24
20140114, Stock, 17573.28, 109496.28, 9496.28, 0, 91923.00, 41.21
20140115, Stock, 6985.54, 110159.54, 10159.54, 0, 103174.00, 20.01
20140116, Stock, 6985.54, 110509.54, 10509.54, 0, 103524.00, 0
20140117, Stock, 340.43, 108495.43, 8495.43, 0, 108155.00, 16.01
20140120, Stock, 445.47, 107978.47, 7978.47, 0, 107533.00, 11.14
20140121, Stock, 6076.47, 110107.47, 10107.47, 0, 104031.00, 10.64
20140122, Stock, 6781.10, 112624.10, 12624.10, 0, 105843.00, 36.47
20140123, Stock, 5395.32, 112129.32, 12129.32, 0, 106734.00, 29.78
20140124, Stock, 6614.90, 114280.90, 14280.90, 0, 107666.00, 11.23
20140127, Stock, 6054.14, 114177.14, 14177.14, 0, 108123.00, 5.00
20140128, Stock, 2069.34, 113890.34, 13890.34, 0, 111821.00, 5.00
20140129, Stock, 19781.48, 114148.48, 14148.48, 0, 94367.00, 22.73
20140130, Stock, 19219.71, 113306.71, 13306.71, 0, 94087.00, 5.00
20140207, Stock, 9882.31, 114285.31, 14285.31, 0, 104403.00, 10.00
20140210, Stock, 5571.23, 117027.23, 17027.23, 0, 111456.00, 36.53
20140211, Stock, 5571.23, 116794.23, 16794.23, 0, 111223.00, 0
20140212, Stock, 5571.23, 118281.23, 18281.23, 0, 112710.00, 0
20140213, Stock, 5571.23, 115843.23, 15843.23, 0, 110272.00, 0
20140214, Stock, 5571.23, 117911.23, 17911.23, 0, 112340.00, 0
20140217, Stock, 5571.23, 121203.23, 21203.23, 0, 115632.00, 0
20140218, Stock, 6594.48, 120012.48, 20012.48, 0, 113418.00, 21.90
20140219, Stock, 7414.13, 123953.13, 23953.13, 0, 116539.00, 16.14
20140220, Stock, 7424.74, 120865.74, 20865.74, 0, 113441.00, 73.48
20140221, Stock, 7424.74, 119972.74, 19972.74, 0, 112548.00, 0
20140224, Stock, 6084.85, 115691.85, 15691.85, 0, 109607.00, 36.64
20140225, Stock, 5741.90, 114391.90, 14391.90, 0, 108650.00, 48.14
20140226, Stock, 6057.79, 118278.79, 18278.79, 0, 112221.00, 10.89
20140227, Stock, 6024.72, 116840.72, 16840.72, 0, 110816.00, 10.91
20140228, Stock, 5484.05, 118598.05, 18598.05, 0, 113114.00, 5.00
20140303, Stock, 6517.14, 119388.14, 19388.14, 0, 112871.00, 32.94
20140304, Stock, 9405.66, 118787.66, 18787.66, 0, 109382.00, 31.26
20140305, Stock, 6527.34, 117962.34, 17962.34, 0, 111435.00, 33.35
20140306, Stock, 6813.58, 118628.58, 18628.58, 0, 111815.00, 5.29
20140307, Stock, 6813.58, 117172.58, 17172.58, 0, 110359.00, 0
20140310, Stock, 7086.90, 112823.90, 12823.90, 0, 105737.00, 5.28
20140311, Stock, 6102.27, 113436.27, 13436.27, 0, 107334.00, 35.79
20140312, Stock, 7309.98, 115858.98, 15858.98, 0, 108549.00, 11.85
20140313, Stock, 7001.47, 116234.47, 16234.47, 0, 109233.00, 5.00
20140314, Stock, 6411.56, 114056.56, 14056.56, 0, 107645.00, 5.00
20140317, Stock, 6411.56, 115973.56, 15973.56, 0, 109562.00, 0
20140318, Stock, 6111.09, 116481.09, 16481.09, 0, 110370.00, 5.00
20140319, Stock, 1067.99, 118111.99, 18111.99, 0, 117044.00, 20.55
20140320, Stock, 7529.41, 115157.41, 15157.41, 0, 107628.00, 27.62
20140321, Stock, 7529.41, 119994.41, 19994.41, 0, 112465.00, 0
20140324, Stock, 7529.41, 123327.41, 23327.41, 0, 115798.00, 0
20140325, Stock, 10650.01, 125256.01, 25256.01, 0, 114606.00, 53.09
20140326, Stock, 7824.83, 123481.83, 23481.83, 0, 115657.00, 44.39
20140327, Stock, 7138.44, 121531.44, 21531.44, 0, 114393.00, 5.00
20140328, Stock, 7138.44, 120093.44, 20093.44, 0, 112955.00, 0
20140331, Stock, 17278.29, 120099.29, 20099.29, 0, 102821.00, 41.68
20140401, Stock, 2571.27, 121303.27, 21303.27, 0, 118732.00, 76.78
20140402, Stock, 81.32, 123754.32, 23754.32, 0, 123673.00, 55.17
20140403, Stock, 6417.64, 122360.64, 22360.64, 0, 115943.00, 46.95
20140404, Stock, 15892.23, 122768.23, 22768.23, 0, 106876.00, 33.32
20140408, Stock, 15892.23, 124366.23, 24366.23, 0, 108474.00, 0
20140409, Stock, 15892.23, 124470.23, 24470.23, 0, 108578.00, 0
20140410, Stock, 15892.23, 124523.23, 24523.23, 0, 108631.00, 0
20140411, Stock, 15892.23, 124489.23, 24489.23, 0, 108597.00, 0
20140414, Stock, 15892.23, 125237.23, 25237.23, 0, 109345.00, 0
20140415, Stock, 15892.23, 125394.23, 25394.23, 0, 109502.00, 0
20140416, Stock, 15892.23, 127050.23, 27050.23, 0, 111158.00, 0
20140417, Stock, 15892.23, 125456.23, 25456.23, 0, 109564.00, 0
20140418, Stock, 15892.23, 126250.23, 26250.23, 0, 110358.00, 0
20140421, Stock, 15892.23, 123757.23, 23757.23, 0, 107865.00, 0
20140422, Stock, 15892.23, 122249.23, 22249.23, 0, 106357.00, 0
20140423, Stock, 15892.23, 120942.23, 20942.23, 0, 105050.00, 0
20140424, Stock, 15892.23, 120429.23, 20429.23, 0, 104537.00, 0
20140425, Stock, 15892.23, 118271.23, 18271.23, 0, 102379.00, 0
20140428, Stock, 15892.23, 116217.23, 16217.23, 0, 100325.00, 0
20140429, Stock, 15892.23, 117355.23, 17355.23, 0, 101463.00, 0
20140430, Stock, 15892.23, 118986.23, 18986.23, 0, 103094.00, 0
20140505, Stock, 15892.23, 119571.23, 19571.23, 0, 103679.00, 0
20140506, Stock, 15892.23, 119483.23, 19483.23, 0, 103591.00, 0
20140507, Stock, 15892.23, 117526.23, 17526.23, 0, 101634.00, 0
20140508, Stock, 15892.23, 117641.23, 17641.23, 0, 101749.00, 0
20140509, Stock, 15892.23, 117636.23, 17636.23, 0, 101744.00, 0
20140512, Stock, 15892.23, 119793.23, 19793.23, 0, 103901.00, 0
20140513, Stock, 15892.23, 119699.23, 19699.23, 0, 103807.00, 0
20140514, Stock, 15892.23, 119553.23, 19553.23, 0, 103661.00, 0
20140515, Stock, 15892.23, 116444.23, 16444.23, 0, 100552.00, 0
20140516, Stock, 15892.23, 116676.23, 16676.23, 0, 100784.00, 0
20140519, Stock, 15892.23, 116328.23, 16328.23, 0, 100436.00, 0
20140520, Stock, 272.13, 116816.13, 16816.13, 0, 116544.00, 37.51
20140521, Stock, 272.13, 117373.13, 17373.13, 0, 117101.00, 0
20140522, Stock, 2480.14, 116637.54, 16637.54, 0, 113729.00, 60.66
20140523, Stock, 596.45, 116954.85, 16954.85, 0, 115930.00, 21.13
20140526, Stock, 82.41, 117741.81, 17741.81, 0, 117231.00, 38.33
20140527, Stock, 5703.22, 117236.62, 17236.62, 0, 111105.00, 18.93
20140528, Stock, 6131.62, 118094.62, 18094.62, 0, 111963.00, 0
20140529, Stock, 6131.62, 116367.62, 16367.62, 0, 110236.00, 0
20140530, Stock, 685.06, 117169.06, 17169.06, 0, 116484.00, 31.52
20140603, Stock, 2732.65, 117966.65, 17966.65, 0, 115234.00, 12.06
20140604, Stock, 6677.43, 116649.43, 16649.43, 0, 109972.00, 20.09
20140605, Stock, 6677.43, 117478.43, 17478.43, 0, 110801.00, 0
20140606, Stock, 6677.43, 116845.43, 16845.43, 0, 110168.00, 0
20140609, Stock, 6677.43, 116452.43, 16452.43, 0, 109775.00, 0
20140610, Stock, 6677.43, 117113.43, 17113.43, 0, 110436.00, 0
20140611, Stock, 7469.62, 118073.62, 18073.62, 0, 110604.00, 5.80
20140612, Stock, 7469.62, 117989.62, 17989.62, 0, 110520.00, 0
20140613, Stock, 7469.62, 119218.62, 19218.62, 0, 111749.00, 0
20140616, Stock, 7469.62, 119331.62, 19331.62, 0, 111862.00, 0
20140617, Stock, 7469.62, 118043.62, 18043.62, 0, 110574.00, 0
20140618, Stock, 8024.72, 116782.72, 16782.72, 0, 108758.00, 0
20140619, Stock, 8024.72, 113473.72, 13473.72, 0, 105449.00, 0
20140620, Stock, 8024.72, 114409.72, 14409.72, 0, 106385.00, 0
20140623, Stock, 8024.72, 114799.72, 14799.72, 0, 106775.00, 0
20140624, Stock, 8024.72, 115380.72, 15380.72, 0, 107356.00, 0
20140625, Stock, 6571.54, 114518.54, 14518.54, 0, 107947.00, 10.00
20140626, Stock, 334.53, 115915.53, 15915.53, 0, 115581.00, 5.00
20140627, Stock, 6466.52, 116877.52, 16877.52, 0, 110411.00, 11.14
20140630, Stock, 6466.52, 118001.52, 18001.52, 0, 111535.00, 0
20140701, Stock, 6466.52, 120461.52, 20461.52, 0, 113995.00, 0
20140702, Stock, 6466.52, 124750.52, 24750.52, 0, 118284.00, 0
20140703, Stock, 6466.52, 123514.52, 23514.52, 0, 117048.00, 0
20140704, Stock, 7088.12, 121403.12, 21403.12, 0, 114315.00, 0
20140707, Stock, 7088.12, 122514.12, 22514.12, 0, 115426.00, 0
20140708, Stock, 7088.12, 122709.12, 22709.12, 0, 115621.00, 0
20140709, Stock, 7088.12, 120704.12, 20704.12, 0, 113616.00, 0
20140710, Stock, 7088.12, 120653.12, 20653.12, 0, 113565.00, 0
20140711, Stock, 13634.24, 122256.24, 22256.24, 0, 108622.00, 84.44
20140714, Stock, 13634.24, 123277.24, 23277.24, 0, 109643.00, 0
20140715, Stock, 13634.24, 125048.24, 25048.24, 0, 111414.00, 0
20140716, Stock, 13634.24, 126883.24, 26883.24, 0, 113249.00, 0
20140717, Stock, 13634.24, 125541.24, 25541.24, 0, 111907.00, 0
20140718, Stock, 13634.24, 126981.24, 26981.24, 0, 113347.00, 0
20140721, Stock, 13634.24, 126280.24, 26280.24, 0, 112646.00, 0
20140722, Stock, 13634.24, 126454.24, 26454.24, 0, 112820.00, 0
20140723, Stock, 13634.24, 126864.24, 26864.24, 0, 113230.00, 0
20140724, Stock, 13634.24, 127553.24, 27553.24, 0, 113919.00, 0
20140725, Stock, 13634.24, 128297.24, 28297.24, 0, 114663.00, 0
20140728, Stock, 13634.24, 129764.24, 29764.24, 0, 116130.00, 0
20140729, Stock, 13634.24, 130927.24, 30927.24, 0, 117293.00, 0
20140730, Stock, 13634.24, 129791.24, 29791.24, 0, 116157.00, 0
20140731, Stock, 13634.24, 130465.24, 30465.24, 0, 116831.00, 0
20140801, Stock, 13634.24, 129053.24, 29053.24, 0, 115419.00, 0
20140804, Stock, 13634.24, 131270.24, 31270.24, 0, 117636.00, 0
20140805, Stock, 13634.24, 131970.24, 31970.24, 0, 118336.00, 0
20140806, Stock, 13634.24, 131889.24, 31889.24, 0, 118255.00, 0
20140807, Stock, 13634.24, 130399.24, 30399.24, 0, 116765.00, 0
20140808, Stock, 13634.24, 130587.24, 30587.24, 0, 116953.00, 0
20140811, Stock, 13634.24, 131750.24, 31750.24, 0, 118116.00, 0
20140812, Stock, 13634.24, 131869.24, 31869.24, 0, 118235.00, 0
20140813, Stock, 13634.24, 133868.24, 33868.24, 0, 120234.00, 0
20140814, Stock, 13634.24, 133581.24, 33581.24, 0, 119947.00, 0
20140815, Stock, 13634.24, 136866.24, 36866.24, 0, 123232.00, 0
20140818, Stock, 13634.24, 138773.24, 38773.24, 0, 125139.00, 0
20140819, Stock, 13634.24, 138846.24, 38846.24, 0, 125212.00, 0
20140820, Stock, 13634.24, 138511.24, 38511.24, 0, 124877.00, 0
20140821, Stock, 13634.24, 137464.24, 37464.24, 0, 123830.00, 0
20140822, Stock, 13634.24, 138035.24, 38035.24, 0, 124401.00, 0
20140825, Stock, 13634.24, 136622.24, 36622.24, 0, 122988.00, 0
20140826, Stock, 13634.24, 133683.24, 33683.24, 0, 120049.00, 0
20140827, Stock, 13634.24, 134717.24, 34717.24, 0, 121083.00, 0
20140828, Stock, 13634.24, 134872.24, 34872.24, 0, 121238.00, 0
20140829, Stock, 13634.24, 137962.24, 37962.24, 0, 124328.00, 0
20140901, Stock, 13634.24, 139880.24, 39880.24, 0, 126246.00, 0
20140902, Stock, 13634.24, 141024.24, 41024.24, 0, 127390.00, 0
20140903, Stock, 13634.24, 141832.24, 41832.24, 0, 128198.00, 0
20140904, Stock, 13634.24, 145232.24, 45232.24, 0, 131598.00, 0
20140905, Stock, 13634.24, 145501.24, 45501.24, 0, 131867.00, 0
20140909, Stock, 13634.24, 147110.24, 47110.24, 0, 133476.00, 0
20140910, Stock, 13634.24, 148490.24, 48490.24, 0, 134856.00, 0
20140911, Stock, 13634.24, 147398.24, 47398.24, 0, 133764.00, 0
20140912, Stock, 13634.24, 151636.24, 51636.24, 0, 138002.00, 0
20140915, Stock, 13634.24, 153913.24, 53913.24, 0, 140279.00, 0
20140916, Stock, 13634.24, 148863.24, 48863.24, 0, 135229.00, 0
20140917, Stock, 22282.54, 151250.54, 51250.54, 0, 128968.00, 112.55
20140918, Stock, 9473.74, 151192.74, 51192.74, 0, 141719.00, 18.23
20140919, Stock, 9473.74, 152270.74, 52270.74, 0, 142797.00, 0
20140922, Stock, 9473.74, 150632.74, 50632.74, 0, 141159.00, 0
20140923, Stock, 9473.74, 153209.74, 53209.74, 0, 143736.00, 0
20140924, Stock, 9473.74, 157063.74, 57063.74, 0, 147590.00, 0
20140925, Stock, 9473.74, 155891.74, 55891.74, 0, 146418.00, 0
20140926, Stock, 9473.74, 156410.74, 56410.74, 0, 146937.00, 0
20140929, Stock, 9473.74, 161202.74, 61202.74, 0, 151729.00, 0
20140930, Stock, 10153.74, 160655.74, 60655.74, 0, 150502.00, 0
20141008, Stock, 10153.74, 167064.74, 67064.74, 0, 156911.00, 0
20141009, Stock, 10153.74, 168166.74, 68166.74, 0, 158013.00, 0
20141010, Stock, 10153.74, 169469.74, 69469.74, 0, 159316.00, 0
20141013, Stock, 10153.74, 169769.74, 69769.74, 0, 159616.00, 0
20141014, Stock, 10153.74, 175118.74, 75118.74, 0, 164965.00, 0
20141015, Stock, 10153.74, 176919.74, 76919.74, 0, 166766.00, 0
20141016, Stock, 10153.74, 176294.74, 76294.74, 0, 166141.00, 0
20141017, Stock, 10153.74, 169930.74, 69930.74, 0, 159777.00, 0
20141020, Stock, 10153.74, 172393.74, 72393.74, 0, 162240.00, 0
20141021, Stock, 10153.74, 168800.74, 68800.74, 0, 158647.00, 0
20141022, Stock, 10153.74, 165692.74, 65692.74, 0, 155539.00, 0
20141023, Stock, 36234.18, 161403.18, 61403.18, 0, 125169.00, 163.00
20141024, Stock, 4011.80, 161538.80, 61538.80, 0, 157527.00, 13.55
20141027, Stock, 7875.16, 163048.16, 63048.16, 0, 155173.00, 19.91
20141028, Stock, 115.11, 165589.11, 65589.11, 0, 165474.00, 89.64
20141029, Stock, 8327.98, 167922.98, 67922.98, 0, 159595.00, 35.47
20141030, Stock, 8327.98, 169627.98, 69627.98, 0, 161300.00, 0
20141031, Stock, 8327.98, 171007.98, 71007.98, 0, 162680.00, 0
20141103, Stock, 8327.98, 175802.98, 75802.98, 0, 167475.00, 0
20141104, Stock, 8327.98, 178992.98, 78992.98, 0, 170665.00, 0
20141105, Stock, 8327.98, 178292.98, 78292.98, 0, 169965.00, 0
20141106, Stock, 8327.98, 177812.98, 77812.98, 0, 169485.00, 0
20141107, Stock, 8327.98, 173842.98, 73842.98, 0, 165515.00, 0
20141110, Stock, 8327.98, 176527.98, 76527.98, 0, 168200.00, 0
20141111, Stock, 8327.98, 172652.98, 72652.98, 0, 164325.00, 0
20141112, Stock, 8327.98, 175652.98, 75652.98, 0, 167325.00, 0
20141113, Stock, 8327.98, 175182.98, 75182.98, 0, 166855.00, 0
20141114, Stock, 8327.98, 173397.98, 73397.98, 0, 165070.00, 0
20141117, Stock, 8327.98, 173477.98, 73477.98, 0, 165150.00, 0
20141118, Stock, 8327.98, 174592.98, 74592.98, 0, 166265.00, 0
20141119, Stock, 8327.98, 176537.98, 76537.98, 0, 168210.00, 0
20141120, Stock, 8327.98, 174517.98, 74517.98, 0, 166190.00, 0
20141121, Stock, 8327.98, 175997.98, 75997.98, 0, 167670.00, 0
20141124, Stock, 8327.98, 182727.98, 82727.98, 0, 174400.00, 0
20141125, Stock, 8327.98, 183877.98, 83877.98, 0, 175550.00, 0
20141126, Stock, 8327.98, 192142.98, 92142.98, 0, 183815.00, 0
20141127, Stock, 8327.98, 193332.98, 93332.98, 0, 185005.00, 0
20141128, Stock, 8327.98, 195487.98, 95487.98, 0, 187160.00, 0
20141201, Stock, 8327.98, 192212.98, 92212.98, 0, 183885.00, 0
20141202, Stock, 8327.98, 194232.98, 94232.98, 0, 185905.00, 0
20141203, Stock, 8327.98, 200912.98, 100912.98, 0, 192585.00, 0
20141204, Stock, 8327.98, 203447.98, 103447.98, 0, 195120.00, 0
20141205, Stock, 8327.98, 197182.98, 97182.98, 0, 188855.00, 0
20141208, Stock, 8327.98, 203107.98, 103107.98, 0, 194780.00, 0
20141209, Stock, 8327.98, 199682.98, 99682.98, 0, 191355.00, 0
20141210, Stock, 8327.98, 205827.98, 105827.98, 0, 197500.00, 0
20141211, Stock, 8327.98, 208327.98, 108327.98, 0, 200000.00, 0
20141212, Stock, 8327.98, 211192.98, 111192.98, 0, 202865.00, 0
20141215, Stock, 8327.98, 214877.98, 114877.98, 0, 206550.00, 0
20141216, Stock, 8327.98, 213387.98, 113387.98, 0, 205060.00, 0
20141217, Stock, 8327.98, 214127.98, 114127.98, 0, 205800.00, 0
20141218, Stock, 8327.98, 212487.98, 112487.98, 0, 204160.00, 0
20141219, Stock, 8327.98, 213802.98, 113802.98, 0, 205475.00, 0
20141222, Stock, 8327.98, 206572.98, 106572.98, 0, 198245.00, 0
20141223, Stock, 8327.98, 201232.98, 101232.98, 0, 192905.00, 0
20141224, Stock, 8327.98, 200557.98, 100557.98, 0, 192230.00, 0
20141225, Stock, 8327.98, 204592.98, 104592.98, 0, 196265.00, 0
20141226, Stock, 8327.98, 210772.98, 110772.98, 0, 202445.00, 0
20141229, Stock, 8327.98, 215607.98, 115607.98, 0, 207280.00, 0
20141230, Stock, 8327.98, 209897.98, 109897.98, 0, 201570.00, 0
20141231, Stock, 8327.98, 220587.98, 120587.98, 0, 212260.00, 0
20150105, Stock, 8327.98, 227302.98, 127302.98, 0, 218975.00, 0
20150106, Stock, 8327.98, 225722.98, 125722.98, 0, 217395.00, 0
20150107, Stock, 8327.98, 222922.98, 122922.98, 0, 214595.00, 0
20150108, Stock, 8327.98, 217762.98, 117762.98, 0, 209435.00, 0
20150109, Stock, 8327.98, 216282.98, 116282.98, 0, 207955.00, 0
20150112, Stock, 8327.98, 208262.98, 108262.98, 0, 199935.00, 0
20150113, Stock, 8327.98, 211052.98, 111052.98, 0, 202725.00, 0
20150114, Stock, 8327.98, 215857.98, 115857.98, 0, 207530.00, 0
20150115, Stock, 8327.98, 220407.98, 120407.98, 0, 212080.00, 0
20150116, Stock, 8327.98, 221242.98, 121242.98, 0, 212915.00, 0
20150119, Stock, 8327.98, 205457.98, 105457.98, 0, 197130.00, 0
20150120, Stock, 8327.98, 215637.98, 115637.98, 0, 207310.00, 0
20150121, Stock, 8327.98, 221142.98, 121142.98, 0, 212815.00, 0
20150122, Stock, 8327.98, 221077.98, 121077.98, 0, 212750.00, 0
20150123, Stock, 8327.98, 219557.98, 119557.98, 0, 211230.00, 0
20150126, Stock, 8327.98, 223162.98, 123162.98, 0, 214835.00, 0
20150127, Stock, 8327.98, 226322.98, 126322.98, 0, 217995.00, 0
20150128, Stock, 8327.98, 227912.98, 127912.98, 0, 219585.00, 0
20150129, Stock, 8327.98, 222177.98, 122177.98, 0, 213850.00, 0
20150130, Stock, 8327.98, 223172.98, 123172.98, 0, 214845.00, 0
20150202, Stock, 10984.53, 213168.53, 113168.53, 0, 202184.00, 145.53
20150203, Stock, 10984.53, 215556.53, 115556.53, 0, 204572.00, 0
20150204, Stock, 10984.53, 215755.53, 115755.53, 0, 204771.00, 0
20150205, Stock, 10984.53, 212173.53, 112173.53, 0, 201189.00, 0
20150206, Stock, 10984.53, 208193.53, 108193.53, 0, 197209.00, 0
20150209, Stock, 10984.53, 207397.53, 107397.53, 0, 196413.00, 0
20150210, Stock, 10984.53, 212173.53, 112173.53, 0, 201189.00, 0
20150211, Stock, 10984.53, 211974.53, 111974.53, 0, 200990.00, 0
20150212, Stock, 10984.53, 213367.53, 113367.53, 0, 202383.00, 0
20150213, Stock, 10984.53, 216949.53, 116949.53, 0, 205965.00, 0
20150216, Stock, 10984.53, 217745.53, 117745.53, 0, 206761.00, 0
20150217, Stock, 10984.53, 219934.53, 119934.53, 0, 208950.00, 0
20150225, Stock, 10984.53, 217745.53, 117745.53, 0, 206761.00, 0
20150226, Stock, 10984.53, 221526.53, 121526.53, 0, 210542.00, 0
20150227, Stock, 10984.53, 221924.53, 121924.53, 0, 210940.00, 0
20150302, Stock, 10984.53, 224710.53, 124710.53, 0, 213726.00, 0
20150303, Stock, 10984.53, 218740.53, 118740.53, 0, 207756.00, 0
20150304, Stock, 10984.53, 220531.53, 120531.53, 0, 209547.00, 0
20150305, Stock, 10984.53, 217745.53, 117745.53, 0, 206761.00, 0
20150306, Stock, 10984.53, 217944.53, 117944.53, 0, 206960.00, 0
20150309, Stock, 10984.53, 226700.53, 126700.53, 0, 215716.00, 0
20150310, Stock, 10984.53, 227695.53, 127695.53, 0, 216711.00, 0
20150311, Stock, 10984.53, 230083.53, 130083.53, 0, 219099.00, 0
20150312, Stock, 10984.53, 237247.53, 137247.53, 0, 226263.00, 0
20150313, Stock, 10984.53, 235058.53, 135058.53, 0, 224074.00, 0
20150316, Stock, 10984.53, 239635.53, 139635.53, 0, 228651.00, 0
20150317, Stock, 10984.53, 233267.53, 133267.53, 0, 222283.00, 0
20150318, Stock, 10984.53, 234063.53, 134063.53, 0, 223079.00, 0
20150319, Stock, 10984.53, 235854.53, 135854.53, 0, 224870.00, 0
20150320, Stock, 10984.53, 237247.53, 137247.53, 0, 226263.00, 0
20150323, Stock, 10984.53, 241625.53, 141625.53, 0, 230641.00, 0
20150324, Stock, 10984.53, 237645.53, 137645.53, 0, 226661.00, 0
20150325, Stock, 10984.53, 234461.53, 134461.53, 0, 223477.00, 0
20150326, Stock, 10984.53, 234262.53, 134262.53, 0, 223278.00, 0
20150327, Stock, 10984.53, 244212.53, 144212.53, 0, 233228.00, 0
20150330, Stock, 10984.53, 254560.53, 154560.53, 0, 243576.00, 0
20150331, Stock, 10984.53, 248988.53, 148988.53, 0, 238004.00, 0
20150401, Stock, 10984.53, 251774.53, 151774.53, 0, 240790.00, 0
20150402, Stock, 10984.53, 251774.53, 151774.53, 0, 240790.00, 0
20150403, Stock, 10984.53, 251973.53, 151973.53, 0, 240989.00, 0
20150407, Stock, 10984.53, 260132.53, 160132.53, 0, 249148.00, 0
20150408, Stock, 10984.53, 260132.53, 160132.53, 0, 249148.00, 0
20150409, Stock, 10984.53, 260132.53, 160132.53, 0, 249148.00, 0
20150410, Stock, 10984.53, 260132.53, 160132.53, 0, 249148.00, 0
20150413, Stock, 10984.53, 260132.53, 160132.53, 0, 249148.00, 0
20150414, Stock, 10984.53, 260132.53, 160132.53, 0, 249148.00, 0
20150415, Stock, 10984.53, 267296.53, 167296.53, 0, 256312.00, 0
20150416, Stock, 10984.53, 269286.53, 169286.53, 0, 258302.00, 0
20150417, Stock, 10984.53, 272470.53, 172470.53, 0, 261486.00, 0
20150420, Stock, 10984.53, 264510.53, 164510.53, 0, 253526.00, 0
20150421, Stock, 10984.53, 269883.53, 169883.53, 0, 258899.00, 0
20150422, Stock, 10984.53, 275853.53, 175853.53, 0, 264869.00, 0
20150423, Stock, 10984.53, 272470.53, 172470.53, 0, 261486.00, 0
20150424, Stock, 10984.53, 268092.53, 168092.53, 0, 257108.00, 0
20150427, Stock, 10984.53, 271077.53, 171077.53, 0, 260093.00, 0
20150428, Stock, 10984.53, 267296.53, 167296.53, 0, 256312.00, 0
20150429, Stock, 10984.53, 267694.53, 167694.53, 0, 256710.00, 0
20150430, Stock, 10984.53, 271475.53, 171475.53, 0, 260491.00, 0
20150504, Stock, 10984.53, 281027.53, 181027.53, 0, 270043.00, 0
20150505, Stock, 10984.53, 267694.53, 167694.53, 0, 256710.00, 0
20150506, Stock, 10984.53, 258341.53, 158341.53, 0, 247357.00, 0
20150507, Stock, 10984.53, 249187.53, 149187.53, 0, 238203.00, 0
20150508, Stock, 10984.53, 256550.53, 156550.53, 0, 245566.00, 0
20150511, Stock, 10984.53, 263316.53, 163316.53, 0, 252332.00, 0
20150512, Stock, 10984.53, 269684.53, 169684.53, 0, 258700.00, 0
20150513, Stock, 10984.53, 269684.53, 169684.53, 0, 258700.00, 0
20150514, Stock, 10984.53, 268490.53, 168490.53, 0, 257506.00, 0
20150515, Stock, 10984.53, 260132.53, 160132.53, 0, 249148.00, 0
20150518, Stock, 10984.53, 257744.53, 157744.53, 0, 246760.00, 0
20150519, Stock, 10984.53, 266699.53, 166699.53, 0, 255715.00, 0
20150520, Stock, 10984.53, 267893.53, 167893.53, 0, 256909.00, 0
20150521, Stock, 10984.53, 274460.53, 174460.53, 0, 263476.00, 0
20150522, Stock, 10984.53, 293962.53, 193962.53, 0, 282978.00, 0
20150525, Stock, 10984.53, 306499.53, 206499.53, 0, 295515.00, 0
20150526, Stock, 10984.53, 309086.53, 209086.53, 0, 298102.00, 0
20150527, Stock, 10984.53, 328190.53, 228190.53, 0, 317206.00, 0
20150528, Stock, 10984.53, 300728.53, 200728.53, 0, 289744.00, 0
20150529, Stock, 10984.53, 320429.53, 220429.53, 0, 309445.00, 0
20150601, Stock, 10984.53, 351473.53, 251473.53, 0, 340489.00, 0
20150602, Stock, 10984.53, 366796.53, 266796.53, 0, 355812.00, 0
20150603, Stock, 12974.53, 373960.53, 273960.53, 0, 360986.00, 0
20150604, Stock, 12974.53, 364209.53, 264209.53, 0, 351235.00, 0
20150605, Stock, 12974.53, 373761.53, 273761.53, 0, 360787.00, 0
20150608, Stock, 12974.53, 360229.53, 260229.53, 0, 347255.00, 0
20150609, Stock, 12974.53, 358637.53, 258637.53, 0, 345663.00, 0
20150610, Stock, 12974.53, 362617.53, 262617.53, 0, 349643.00, 0
20150611, Stock, 12974.53, 357443.53, 257443.53, 0, 344469.00, 0
20150612, Stock, 12974.53, 363214.53, 263214.53, 0, 350240.00, 0
20150615, Stock, 12974.53, 387094.53, 287094.53, 0, 374120.00, 0
20150616, Stock, 376851.96, 376851.96, 276851.96, 0, 0, 451.77
20150617, Stock, 376851.96, 376851.96, 276851.96, 0, 0, 0
20150618, Stock, 376851.96, 376851.96, 276851.96, 0, 0, 0
20150619, Stock, 376851.96, 376851.96, 276851.96, 0, 0, 0
20150623, Stock, 376851.96, 376851.96, 276851.96, 0, 0, 0
20150624, Stock, 376851.96, 376851.96, 276851.96, 0, 0, 0
20150625, Stock, 376851.96, 376851.96, 276851.96, 0, 0, 0
20150626, Stock, 376851.96, 376851.96, 276851.96, 0, 0, 0
20150629, Stock, 376851.96, 376851.96, 276851.96, 0, 0, 0
20150630, Stock, 376851.96, 376851.96, 276851.96, 0, 0, 0
20150701, Stock, 376851.96, 376851.96, 276851.96, 0, 0, 0
20150702, Stock, 376851.96, 376851.96, 276851.96, 0, 0, 0
20150703, Stock, 370972.74, 376817.74, 276817.74, 0, 5845.00, 5.00
20150706, Stock, 17019.27, 365400.27, 265400.27, 0, 348381.00, 84.93
20150707, Stock, 17019.27, 330516.27, 230516.27, 0, 313497.00, 0
20150708, Stock, 2282.98, 299225.98, 199225.98, 0, 296943.00, 5.00
20150709, Stock, 2950.92, 329138.92, 229138.92, 0, 326188.00, 5.67
20150710, Stock, 13313.39, 361829.39, 261829.39, 0, 348516.00, 15.38
20150713, Stock, 40849.26, 396729.26, 296729.26, 0, 355880.00, 37.57
20150714, Stock, 210127.39, 400797.39, 300797.39, 0, 190670.00, 210.17
20150715, Stock, 200375.90, 381653.90, 281653.90, 0, 181278.00, 5.00
20150716, Stock, 201119.39, 382619.39, 282619.39, 0, 181500.00, 5.75
20150717, Stock, 207531.69, 398241.69, 298241.69, 0, 190710.00, 11.42
20150720, Stock, 209148.90, 398924.90, 298924.90, 0, 189776.00, 6.62
20150721, Stock, 209961.97, 400074.97, 300074.97, 0, 190113.00, 5.82
20150722, Stock, 211620.93, 403980.93, 303980.93, 0, 192360.00, 6.67
20150723, Stock, 215984.58, 412880.58, 312880.58, 0, 196896.00, 9.37
20150724, Stock, 214267.06, 406367.06, 306367.06, 0, 192100.00, 5.00
20150727, Stock, 203498.51, 387098.51, 287098.51, 0, 183600.00, 5.00
20150728, Stock, 199109.70, 376967.70, 276967.70, 0, 177858.00, 5.00
20150729, Stock, 202896.83, 388466.83, 288466.83, 0, 185570.00, 8.80
20150730, Stock, 206032.89, 388759.89, 288759.89, 0, 182727.00, 8.14
20150731, Stock, 143060.62, 387860.62, 287860.62, 0, 244800.00, 100.48
20150803, Stock, 140872.76, 380799.76, 280799.76, 0, 239927.00, 5.00
20150804, Stock, 143996.88, 397117.88, 297117.88, 0, 253121.00, 8.13
20150805, Stock, 206260.35, 390646.35, 290646.35, 0, 184386.00, 167.32
20150806, Stock, 142974.11, 386324.11, 286324.11, 0, 243350.00, 101.12
20150807, Stock, 144535.66, 394630.66, 294630.66, 0, 250095.00, 6.57
20150810, Stock, 214623.37, 408712.37, 308712.37, 0, 194089.00, 178.93
20150811, Stock, 215455.32, 410799.32, 310799.32, 0, 195344.00, 5.84
20150812, Stock, 214619.19, 406145.19, 306145.19, 0, 191526.00, 5.00
20150813, Stock, 215454.12, 412422.12, 312422.12, 0, 196968.00, 5.84
20150814, Stock, 217158.81, 415188.81, 315188.81, 0, 198030.00, 6.71
20150817, Stock, 227508.36, 434901.36, 334901.36, 0, 207393.00, 15.36
20150818, Stock, 227508.36, 414096.36, 314096.36, 0, 186588.00, 0
20150819, Stock, 221298.49, 422664.49, 322664.49, 0, 201366.00, 5.00
20150820, Stock, 215412.23, 408802.23, 308802.23, 0, 193390.00, 5.00
20150821, Stock, 210631.47, 397290.47, 297290.47, 0, 186659.00, 5.00
20150824, Stock, 197646.90, 378578.90, 278578.90, 0, 180932.00, 5.00
20150825, Stock, 171937.85, 360424.85, 260424.85, 0, 188487.00, 6.17
20150826, Stock, 18582.30, 356322.30, 256322.30, 0, 337740.00, 91.61
20150827, Stock, 18582.30, 375022.30, 275022.30, 0, 356440.00, 0
20150828, Stock, 18582.30, 400682.30, 300682.30, 0, 382100.00, 0
20150831, Stock, -0.12, 385566.88, 285566.88, 0, 385567.00, 270.73
20150901, Stock, 136400.25, 378755.25, 278755.25, 0, 242355.00, 169.35
20150902, Stock, 27166.72, 376112.72, 276112.72, 0, 348946.00, 26.21
20150907, Stock, 20094.56, 380040.56, 280040.56, 0, 359946.00, 5.00
20150908, Stock, 20062.10, 396312.10, 296312.10, 0, 376250.00, 12.49
20150909, Stock, 1650.66, 405518.66, 305518.66, 0, 403868.00, 194.45
20150910, Stock, 20987.03, 392742.03, 292742.03, 0, 371755.00, 87.38
20150911, Stock, 20987.03, 392891.03, 292891.03, 0, 371904.00, 0
20150914, Stock, 18700.68, 359800.68, 259800.68, 0, 341100.00, 5.00
20150915, Stock, 162213.97, 348560.97, 248560.97, 0, 186347.00, 206.41
20150916, Stock, 18229.30, 362677.30, 262677.30, 0, 344448.00, 51.46
20150917, Stock, 18229.30, 354541.30, 254541.30, 0, 336312.00, 0
20150918, Stock, 18229.30, 357205.30, 257205.30, 0, 338976.00, 0
20150921, Stock, 19437.98, 367197.98, 267197.98, 0, 347760.00, 6.21
20150922, Stock, 19437.98, 372591.98, 272591.98, 0, 353154.00, 0
20150923, Stock, 18228.99, 362820.99, 262820.99, 0, 344592.00, 5.00
20150924, Stock, 19437.67, 366768.67, 266768.67, 0, 347331.00, 6.21
20150925, Stock, 17131.22, 354641.22, 254641.22, 0, 337510.00, 5.00
20150928, Stock, 18323.01, 359961.01, 259961.01, 0, 341638.00, 6.20
20150929, Stock, 19107.74, 352742.74, 252742.74, 0, 333635.00, 5.00
20150930, Stock, 19107.74, 356520.74, 256520.74, 0, 337413.00, 0
20151008, Stock, 19107.74, 372596.74, 272596.74, 0, 353489.00, 0
20151009, Stock, -397.40, 374632.60, 274632.60, 0, 375030.00, 166.60
20151012, Stock, 1257.40, 392552.40, 292552.40, 0, 391295.00, 67.55
20151013, Stock, 20179.57, 390259.57, 290259.57, 0, 370080.00, 34.91
20151014, Stock, 20179.57, 387379.57, 287379.57, 0, 367200.00, 0
20151015, Stock, 20179.57, 399763.57, 299763.57, 0, 379584.00, 0
20151016, Stock, 20179.57, 404227.57, 304227.57, 0, 384048.00, 0
20151019, Stock, 20179.57, 408403.57, 308403.57, 0, 388224.00, 0
20151020, Stock, 20179.57, 420355.57, 320355.57, 0, 400176.00, 0
20151021, Stock, 20179.57, 389539.57, 289539.57, 0, 369360.00, 0
20151022, Stock, 20179.57, 402643.57, 302643.57, 0, 382464.00, 0
20151023, Stock, 20179.57, 416611.57, 316611.57, 0, 396432.00, 0
20151026, Stock, 20179.57, 420643.57, 320643.57, 0, 400464.00, 0
20151027, Stock, 20179.57, 417187.57, 317187.57, 0, 397008.00, 0
20151028, Stock, 20179.57, 408259.57, 308259.57, 0, 388080.00, 0
20151029, Stock, 20179.57, 412579.57, 312579.57, 0, 392400.00, 0
20151030, Stock, 20179.57, 415891.57, 315891.57, 0, 395712.00, 0
20151102, Stock, 20179.57, 406099.57, 306099.57, 0, 385920.00, 0
20151103, Stock, 20179.57, 406099.57, 306099.57, 0, 385920.00, 0
20151104, Stock, 20179.57, 444691.57, 344691.57, 0, 424512.00, 0
20151105, Stock, 20179.57, 453187.57, 353187.57, 0, 433008.00, 0
20151106, Stock, 20179.57, 478387.57, 378387.57, 0, 458208.00, 0
20151109, Stock, 20179.57, 476371.57, 376371.57, 0, 456192.00, 0
20151110, Stock, 20179.57, 466003.57, 366003.57, 0, 445824.00, 0
20151111, Stock, 20179.57, 475219.57, 375219.57, 0, 455040.00, 0
20151112, Stock, 20179.57, 466867.57, 366867.57, 0, 446688.00, 0
20151113, Stock, 20179.57, 459811.57, 359811.57, 0, 439632.00, 0
20151116, Stock, 20179.57, 458515.57, 358515.57, 0, 438336.00, 0
20151117, Stock, 20179.57, 458947.57, 358947.57, 0, 438768.00, 0
20151118, Stock, 20179.57, 448291.57, 348291.57, 0, 428112.00, 0
20151119, Stock, 20179.57, 458083.57, 358083.57, 0, 437904.00, 0
20151120, Stock, 20179.57, 454627.57, 354627.57, 0, 434448.00, 0
20151123, Stock, 20179.57, 451459.57, 351459.57, 0, 431280.00, 0
20151124, Stock, 20179.57, 460387.57, 360387.57, 0, 440208.00, 0
20151125, Stock, 20179.57, 461107.57, 361107.57, 0, 440928.00, 0
20151126, Stock, 20179.57, 455635.57, 355635.57, 0, 435456.00, 0
20151127, Stock, 20179.57, 423091.57, 323091.57, 0, 402912.00, 0
20151130, Stock, 20179.57, 424099.57, 324099.57, 0, 403920.00, 0
20151201, Stock, 20179.57, 431299.57, 331299.57, 0, 411120.00, 0
20151202, Stock, 20179.57, 452179.57, 352179.57, 0, 432000.00, 0
20151203, Stock, 20179.57, 452035.57, 352035.57, 0, 431856.00, 0
20151204, Stock, 20179.57, 445555.57, 345555.57, 0, 425376.00, 0
20151207, Stock, 20179.57, 449155.57, 349155.57, 0, 428976.00, 0
20151208, Stock, 20179.57, 435043.57, 335043.57, 0, 414864.00, 0
20151209, Stock, 20179.57, 432307.57, 332307.57, 0, 412128.00, 0
20151210, Stock, 20179.57, 434179.57, 334179.57, 0, 414000.00, 0
20151211, Stock, 20179.57, 432595.57, 332595.57, 0, 412416.00, 0
20151214, Stock, 20179.57, 455923.57, 355923.57, 0, 435744.00, 0
20151215, Stock, 20179.57, 449731.57, 349731.57, 0, 429552.00, 0
20151216, Stock, 20179.57, 454339.57, 354339.57, 0, 434160.00, 0
20151217, Stock, 20179.57, 459379.57, 359379.57, 0, 439200.00, 0
20151218, Stock, 20179.57, 456067.57, 356067.57, 0, 435888.00, 0
20151221, Stock, 20179.57, 477235.57, 377235.57, 0, 457056.00, 0
20151222, Stock, 485119.05, 485119.05, 385119.05, 0, 0, 577.24
20151223, Stock, 485119.05, 485119.05, 385119.05, 0, 0, 0
20151224, Stock, 485119.05, 485119.05, 385119.05, 0, 0, 0
20151225, Stock, 485119.05, 485119.05, 385119.05, 0, 0, 0
20151228, Stock, 485119.05, 485119.05, 385119.05, 0, 0, 0
20151229, Stock, 485119.05, 485119.05, 385119.05, 0, 0, 0
20151230, Stock, 485119.05, 485119.05, 385119.05, 0, 0, 0
20151231, Stock, 485119.05, 485119.05, 385119.05, 0, 0, 0
20160104, Stock, 485119.05, 485119.05, 385119.05, 0, 0, 0
20160105, Stock, 485119.05, 485119.05, 385119.05, 0, 0, 0
20160106, Stock, 485119.05, 485119.05, 385119.05, 0, 0, 0
20160107, Stock, 485119.05, 485119.05, 385119.05, 0, 0, 0
20160108, Stock, 485119.05, 485119.05, 385119.05, 0, 0, 0
20160111, Stock, 485119.05, 485119.05, 385119.05, 0, 0, 0
20160112, Stock, 485119.05, 485119.05, 385119.05, 0, 0, 0
20160113, Stock, 485119.05, 485119.05, 385119.05, 0, 0, 0
20160114, Stock, 485119.05, 485119.05, 385119.05, 0, 0, 0
20160115, Stock, 485119.05, 485119.05, 385119.05, 0, 0, 0
20160118, Stock, 485119.05, 485119.05, 385119.05, 0, 0, 0
20160119, Stock, 485119.05, 485119.05, 385119.05, 0, 0, 0
20160120, Stock, 485119.05, 485119.05, 385119.05, 0, 0, 0
20160121, Stock, 485119.05, 485119.05, 385119.05, 0, 0, 0
20160122, Stock, 485119.05, 485119.05, 385119.05, 0, 0, 0
20160125, Stock, 485119.05, 485119.05, 385119.05, 0, 0, 0
20160126, Stock, 485119.05, 485119.05, 385119.05, 0, 0, 0
20160127, Stock, 277075.04, 483891.04, 383891.04, 0, 206816.00, 53.23
20160128, Stock, 91281.14, 475025.14, 375025.14, 0, 383744.00, 48.79
20160129, Stock, 81718.59, 489488.59, 389488.59, 0, 407770.00, 5.00
20160201, Stock, 74960.02, 495475.02, 395475.02, 0, 420515.00, 10.00
20160202, Stock, 15479.11, 507775.11, 407775.11, 0, 492296.00, 72.41
20160203, Stock, 25181.06, 500760.06, 400760.06, 0, 475579.00, 248.73
20160204, Stock, 25181.06, 508666.06, 408666.06, 0, 483485.00, 0
20160205, Stock, 25181.06, 500772.06, 400772.06, 0, 475591.00, 0
20160215, Stock, 24492.58, 493356.58, 393356.58, 0, 468864.00, 11.01
20160216, Stock, 25536.26, 514094.26, 414094.26, 0, 488558.00, 6.05
20160217, Stock, 25536.26, 517818.26, 417818.26, 0, 492282.00, 0
20160218, Stock, -463.82, 515032.18, 415032.18, 0, 515496.00, 181.84
20160219, Stock, 25676.55, 516325.55, 416325.55, 0, 490649.00, 207.17
20160222, Stock, 59192.46, 538523.46, 438523.46, 0, 479331.00, 376.28
20160223, Stock, 125874.17, 538794.17, 438794.17, 0, 412920.00, 82.79
20160224, Stock, 417029.78, 538455.78, 438455.78, 0, 121426.00, 361.48
20160225, Stock, 492995.26, 529920.26, 429920.26, 0, 36925.00, 94.31
20160226, Stock, 82329.10, 525714.10, 425714.10, 0, 443385.00, 98.54
20160229, Stock, 24853.58, 499588.58, 399588.58, 0, 474735.00, 167.51
20160301, Stock, 102564.53, 508319.53, 408319.53, 0, 405755.00, 286.79
20160302, Stock, 28210.78, 531604.78, 431604.78, 0, 503394.00, 29.03
20160303, Stock, 211111.78, 528386.78, 428386.78, 0, 317275.00, 451.97
20160304, Stock, 211111.78, 554656.78, 454656.78, 0, 343545.00, 0
20160307, Stock, 211111.78, 554656.78, 454656.78, 0, 343545.00, 0
20160308, Stock, 211111.78, 548551.78, 448551.78, 0, 337440.00, 0
20160309, Stock, 343207.48, 537173.48, 437173.48, 0, 193966.00, 197.62
20160310, Stock, 364814.16, 536858.16, 436858.16, 0, 172044.00, 247.73
20160311, Stock, 364814.16, 536534.16, 436534.16, 0, 171720.00, 0
20160314, Stock, 364814.16, 542366.16, 442366.16, 0, 177552.00, 0
20160315, Stock, 364814.16, 543338.16, 443338.16, 0, 178524.00, 0
20160316, Stock, 364814.16, 541394.16, 441394.16, 0, 176580.00, 0
20160317, Stock, 364814.16, 544958.16, 444958.16, 0, 180144.00, 0
20160318, Stock, 364814.16, 548684.16, 448684.16, 0, 183870.00, 0
20160321, Stock, 364814.16, 560348.16, 460348.16, 0, 195534.00, 0
20160322, Stock, 364814.16, 555650.16, 455650.16, 0, 190836.00, 0
20160323, Stock, 364814.16, 556784.16, 456784.16, 0, 191970.00, 0
20160324, Stock, 364814.16, 550466.16, 450466.16, 0, 185652.00, 0
20160325, Stock, 364814.16, 553220.16, 453220.16, 0, 188406.00, 0
20160328, Stock, 364814.16, 551924.16, 451924.16, 0, 187110.00, 0
20160329, Stock, 364814.16, 546740.16, 446740.16, 0, 181926.00, 0
20160330, Stock, 364814.16, 551924.16, 451924.16, 0, 187110.00, 0
20160331, Stock, 364814.16, 551924.16, 451924.16, 0, 187110.00, 0
20160401, Stock, 364814.16, 549494.16, 449494.16, 0, 184680.00, 0
20160405, Stock, 364814.16, 554354.16, 454354.16, 0, 189540.00, 0
20160406, Stock, 364814.16, 554516.16, 454516.16, 0, 189702.00, 0
20160407, Stock, 364814.16, 550790.16, 450790.16, 0, 185976.00, 0
20160408, Stock, 364814.16, 548360.16, 448360.16, 0, 183546.00, 0
20160411, Stock, 364814.16, 552248.16, 452248.16, 0, 187434.00, 0
20160412, Stock, 364814.16, 550628.16, 450628.16, 0, 185814.00, 0
20160413, Stock, 364814.16, 554354.16, 454354.16, 0, 189540.00, 0
20160414, Stock, 364814.16, 554678.16, 454678.16, 0, 189864.00, 0
20160415, Stock, 364814.16, 554192.16, 454192.16, 0, 189378.00, 0
20160418, Stock, 364814.16, 550304.16, 450304.16, 0, 185490.00, 0
20160419, Stock, 364814.16, 551924.16, 451924.16, 0, 187110.00, 0
20160420, Stock, 364814.16, 543824.16, 443824.16, 0, 179010.00, 0
20160421, Stock, 364814.16, 541556.16, 441556.16, 0, 176742.00, 0
20160422, Stock, 364814.16, 542042.16, 442042.16, 0, 177228.00, 0
20160425, Stock, 364814.16, 542204.16, 442204.16, 0, 177390.00, 0
20160426, Stock, 364814.16, 544148.16, 444148.16, 0, 179334.00, 0
20160427, Stock, 364814.16, 542366.16, 442366.16, 0, 177552.00, 0
20160428, Stock, 364814.16, 541070.16, 441070.16, 0, 176256.00, 0
20160429, Stock, 364814.16, 538316.16, 438316.16, 0, 173502.00, 0
20160503, Stock, 364814.16, 542204.16, 442204.16, 0, 177390.00, 0
20160504, Stock, 364814.16, 542366.16, 442366.16, 0, 177552.00, 0
20160505, Stock, 124474.61, 539300.61, 439300.61, 0, 414826.00, 240.61
20160506, Stock, 95742.83, 521947.83, 421947.83, 0, 426205.00, 85.86
20160509, Stock, 26212.83, 512919.83, 412919.83, 0, 486707.00, 21.18
20160510, Stock, 25264.84, 506502.84, 406502.84, 0, 481238.00, 12.76
20160511, Stock, 25790.64, 509922.64, 409922.64, 0, 484132.00, 5.53
20160512, Stock, 25292.58, 510222.58, 410222.58, 0, 484930.00, 11.60
20160513, Stock, 25657.72, 507557.72, 407557.72, 0, 481900.00, 11.07
20160516, Stock, 25116.05, 509301.05, 409301.05, 0, 484185.00, 5.00
20160517, Stock, 25230.82, 511406.82, 411406.82, 0, 486176.00, 12.81
20160518, Stock, 25213.81, 504739.81, 404739.81, 0, 479526.00, 12.09
20160519, Stock, 25024.21, 502555.21, 402555.21, 0, 477531.00, 10.52
20160520, Stock, 25190.79, 505516.79, 405516.79, 0, 480326.00, 11.57
20160523, Stock, 25345.96, 507917.96, 407917.96, 0, 482572.00, 10.70
20160524, Stock, 24819.37, 503789.37, 403789.37, 0, 478970.00, 5.00
20160525, Stock, 24819.37, 502409.37, 402409.37, 0, 477590.00, 0
20160526, Stock, 24636.26, 504113.26, 404113.26, 0, 479477.00, 11.39
20160527, Stock, 25148.14, 502273.14, 402273.14, 0, 477125.00, 5.52
20160530, Stock, 24958.58, 500768.58, 400768.58, 0, 475810.00, 10.52
20160531, Stock, 25310.56, 518869.56, 418869.56, 0, 493559.00, 11.44
20160601, Stock, 25310.56, 518869.56, 418869.56, 0, 493559.00, 0
20160602, Stock, 25310.56, 522081.56, 422081.56, 0, 496771.00, 0
20160603, Stock, 25310.56, 523345.56, 423345.56, 0, 498035.00, 0
20160606, Stock, 25310.56, 527717.56, 427717.56, 0, 502407.00, 0
20160607, Stock, 25310.56, 524951.56, 424951.56, 0, 499641.00, 0
20160608, Stock, 33860.56, 522527.56, 422527.56, 0, 488667.00, 0
20160613, Stock, 25628.65, 507503.65, 407503.65, 0, 481875.00, 10.00
20160614, Stock, 25109.09, 503549.09, 403549.09, 0, 478440.00, 5.00
20160615, Stock, 25621.97, 511708.97, 411708.97, 0, 486087.00, 5.52
20160616, Stock, 25621.97, 506689.97, 406689.97, 0, 481068.00, 0
20160617, Stock, 25442.44, 509106.44, 409106.44, 0, 483664.00, 10.52
20160620, Stock, 25103.34, 509543.34, 409543.34, 0, 484440.00, 11.04
20160621, Stock, 25619.19, 508718.19, 408718.19, 0, 483099.00, 5.52
20160622, Stock, 25619.19, 511871.19, 411871.19, 0, 486252.00, 0
20160623, Stock, 25619.19, 509780.19, 409780.19, 0, 484161.00, 0
20160624, Stock, 25619.19, 505318.19, 405318.19, 0, 479699.00, 0
20160627, Stock, 25619.19, 510101.19, 410101.19, 0, 484482.00, 0
20160628, Stock, 25619.19, 512085.19, 412085.19, 0, 486466.00, 0
20160629, Stock, 25619.19, 515378.19, 415378.19, 0, 489759.00, 0
20160630, Stock, 25619.19, 514563.19, 414563.19, 0, 488944.00, 0
20160701, Stock, 25619.19, 514176.19, 414176.19, 0, 488557.00, 0
20160704, Stock, 25619.19, 523421.19, 423421.19, 0, 497802.00, 0
20160705, Stock, 25619.19, 530114.19, 430114.19, 0, 504495.00, 0
20160706, Stock, 25619.19, 528912.19, 428912.19, 0, 503293.00, 0
20160707, Stock, 25619.19, 528772.19, 428772.19, 0, 503153.00, 0
20160708, Stock, 25619.19, 527002.19, 427002.19, 0, 501383.00, 0
20160711, Stock, 25619.19, 528418.19, 428418.19, 0, 502799.00, 0
20160712, Stock, 25619.19, 549386.19, 449386.19, 0, 523767.00, 0
20160713, Stock, 25619.19, 548505.19, 448505.19, 0, 522886.00, 0
20160714, Stock, 33871.09, 543462.09, 443462.09, 0, 509591.00, 0
20160715, Stock, 33871.09, 550863.09, 450863.09, 0, 516992.00, 0
20160718, Stock, 33871.09, 551044.09, 451044.09, 0, 517173.00, 0
20160719, Stock, 33871.09, 547290.09, 447290.09, 0, 513419.00, 0
20160720, Stock, 33871.09, 544598.09, 444598.09, 0, 510727.00, 0
20160721, Stock, 33871.09, 546936.09, 446936.09, 0, 513065.00, 0
20160722, Stock, 33871.09, 538292.09, 438292.09, 0, 504421.00, 0
20160725, Stock, 33871.09, 538539.09, 438539.09, 0, 504668.00, 0
20160726, Stock, 33871.09, 542293.09, 442293.09, 0, 508422.00, 0
20160727, Stock, 33871.09, 534958.09, 434958.09, 0, 501087.00, 0
20160728, Stock, 33871.09, 540811.09, 440811.09, 0, 506940.00, 0
20160729, Stock, 33871.09, 559490.09, 459490.09, 0, 525619.00, 0
20160801, Stock, 33871.09, 549323.09, 449323.09, 0, 515452.00, 0
20160802, Stock, 33871.09, 553258.09, 453258.09, 0, 519387.00, 0
20160803, Stock, 33871.09, 550706.09, 450706.09, 0, 516835.00, 0
20160804, Stock, 33871.09, 558502.09, 458502.09, 0, 524631.00, 0
20160805, Stock, 33871.09, 556732.09, 456732.09, 0, 522861.00, 0
20160808, Stock, 33871.09, 565162.09, 465162.09, 0, 531291.00, 0
20160809, Stock, 33871.09, 571970.09, 471970.09, 0, 538099.00, 0
20160810, Stock, 33871.09, 570801.09, 470801.09, 0, 536930.00, 0
20160811, Stock, 33871.09, 569204.09, 469204.09, 0, 535333.00, 0
20160812, Stock, 33871.09, 577000.09, 477000.09, 0, 543129.00, 0
20160815, Stock, 33871.09, 591670.09, 491670.09, 0, 557799.00, 0
20160816, Stock, 33871.09, 595712.09, 495712.09, 0, 561841.00, 0
20160817, Stock, 33871.09, 592098.09, 492098.09, 0, 558227.00, 0
20160818, Stock, 33871.09, 592065.09, 492065.09, 0, 558194.00, 0
20160819, Stock, 33871.09, 596420.09, 496420.09, 0, 562549.00, 0
20160822, Stock, 33871.09, 584623.09, 484623.09, 0, 550752.00, 0
20160823, Stock, 33871.09, 573575.09, 473575.09, 0, 539704.00, 0
20160824, Stock, 33871.09, 573328.09, 473328.09, 0, 539457.00, 0
20160825, Stock, 33871.09, 571698.09, 471698.09, 0, 537827.00, 0
20160826, Stock, 33871.09, 570776.09, 470776.09, 0, 536905.00, 0
20160829, Stock, 33871.09, 570282.09, 470282.09, 0, 536411.00, 0
20160830, Stock, 33871.09, 572126.09, 472126.09, 0, 538255.00, 0
20160831, Stock, 33871.09, 585495.09, 485495.09, 0, 551624.00, 0
20160901, Stock, 33871.09, 584507.09, 484507.09, 0, 550636.00, 0
20160902, Stock, 33871.09, 585923.09, 485923.09, 0, 552052.00, 0
20160905, Stock, 33871.09, 585923.09, 485923.09, 0, 552052.00, 0
20160906, Stock, 33871.09, 595991.09, 495991.09, 0, 562120.00, 0
20160907, Stock, 33871.09, 596699.09, 496699.09, 0, 562828.00, 0
20160908, Stock, 33871.09, 595991.09, 495991.09, 0, 562120.00, 0
20160909, Stock, 33871.09, 594929.09, 494929.09, 0, 561058.00, 0
20160912, Stock, 33871.09, 590327.09, 490327.09, 0, 556456.00, 0
20160913, Stock, 33871.09, 589265.09, 489265.09, 0, 555394.00, 0
20160914, Stock, 33871.09, 587495.09, 487495.09, 0, 553624.00, 0
20160919, Stock, 33871.09, 587849.09, 487849.09, 0, 553978.00, 0
20160920, Stock, 33871.09, 587141.09, 487141.09, 0, 553270.00, 0
20160921, Stock, 33871.09, 587495.09, 487495.09, 0, 553624.00, 0
20160922, Stock, 33871.09, 587849.09, 487849.09, 0, 553978.00, 0
20160923, Stock, 33871.09, 578135.09, 478135.09, 0, 544264.00, 0
20160926, Stock, 33871.09, 555200.09, 455200.09, 0, 521329.00, 0
20160927, Stock, 33871.09, 562716.09, 462716.09, 0, 528845.00, 0
20160928, Stock, 34458.27, 554738.27, 454738.27, 0, 520280.00, 84.58
20160929, Stock, 55549.06, 553719.06, 453719.06, 0, 498170.00, 59.58
20160930, Stock, 111819.01, 549665.01, 449665.01, 0, 437846.00, 123.65
20161010, Stock, 140263.89, 557647.89, 457647.89, 0, 417384.00, 64.68
20161011, Stock, 61621.86, 559156.86, 459156.86, 0, 497535.00, 18.87
20161012, Stock, 47886.55, 563937.55, 463937.55, 0, 516051.00, 5.00
20161013, Stock, 28887.05, 576483.05, 476483.05, 0, 547596.00, 5.00
20161014, Stock, 28887.05, 579927.05, 479927.05, 0, 551040.00, 0
20161017, Stock, 28887.05, 567012.05, 467012.05, 0, 538125.00, 0
20161018, Stock, 28887.05, 575622.05, 475622.05, 0, 546735.00, 0
20161019, Stock, 28887.05, 576483.05, 476483.05, 0, 547596.00, 0
20161020, Stock, 28887.05, 576483.05, 476483.05, 0, 547596.00, 0
20161021, Stock, 28887.05, 573900.05, 473900.05, 0, 545013.00, 0
20161024, Stock, 28887.05, 581649.05, 481649.05, 0, 552762.00, 0
20161025, Stock, 28887.05, 582510.05, 482510.05, 0, 553623.00, 0
20161026, Stock, 28887.05, 574761.05, 474761.05, 0, 545874.00, 0
20161027, Stock, 28887.05, 575622.05, 475622.05, 0, 546735.00, 0
20161028, Stock, 28887.05, 570456.05, 470456.05, 0, 541569.00, 0
20161031, Stock, 28887.05, 566151.05, 466151.05, 0, 537264.00, 0
20161101, Stock, 28887.05, 575622.05, 475622.05, 0, 546735.00, 0
20161102, Stock, 28887.05, 568734.05, 468734.05, 0, 539847.00, 0
20161103, Stock, 28887.05, 573039.05, 473039.05, 0, 544152.00, 0
20161104, Stock, 28887.05, 568734.05, 468734.05, 0, 539847.00, 0
20161107, Stock, 28887.05, 579927.05, 479927.05, 0, 551040.00, 0
20161108, Stock, 28887.05, 580788.05, 480788.05, 0, 551901.00, 0
20161109, Stock, 28887.05, 576483.05, 476483.05, 0, 547596.00, 0
20161110, Stock, 28887.05, 581649.05, 481649.05, 0, 552762.00, 0
20161111, Stock, 28887.05, 583371.05, 483371.05, 0, 554484.00, 0
20161114, Stock, 28887.05, 585093.05, 485093.05, 0, 556206.00, 0
20161115, Stock, 28887.05, 581649.05, 481649.05, 0, 552762.00, 0
20161116, Stock, 28887.05, 578205.05, 478205.05, 0, 549318.00, 0
20161117, Stock, 28887.05, 591981.05, 491981.05, 0, 563094.00, 0
20161118, Stock, 28887.05, 591120.05, 491120.05, 0, 562233.00, 0
20161121, Stock, 28887.05, 606618.05, 506618.05, 0, 577731.00, 0
20161122, Stock, 28887.05, 608340.05, 508340.05, 0, 579453.00, 0
20161123, Stock, 28887.05, 604896.05, 504896.05, 0, 576009.00, 0
20161124, Stock, 28887.05, 604896.05, 504896.05, 0, 576009.00, 0
20161125, Stock, 28887.05, 615228.05, 515228.05, 0, 586341.00, 0
20161128, Stock, 28887.05, 647085.05, 547085.05, 0, 618198.00, 0
20161129, Stock, 28887.05, 646224.05, 546224.05, 0, 617337.00, 0
20161130, Stock, 28887.05, 627282.05, 527282.05, 0, 598395.00, 0
20161201, Stock, 28887.05, 633309.05, 533309.05, 0, 604422.00, 0
20161202, Stock, 28887.05, 615228.05, 515228.05, 0, 586341.00, 0
20161205, Stock, 28887.05, 596286.05, 496286.05, 0, 567399.00, 0
20161206, Stock, 28887.05, 596286.05, 496286.05, 0, 567399.00, 0
20161207, Stock, 28887.05, 601452.05, 501452.05, 0, 572565.00, 0
20161208, Stock, 28887.05, 600591.05, 500591.05, 0, 571704.00, 0
20161209, Stock, 28887.05, 607479.05, 507479.05, 0, 578592.00, 0
20161212, Stock, 28887.05, 579066.05, 479066.05, 0, 550179.00, 0
20161213, Stock, 28887.05, 572178.05, 472178.05, 0, 543291.00, 0
20161214, Stock, 28887.05, 565290.05, 465290.05, 0, 536403.00, 0
20161215, Stock, 28887.05, 551514.05, 451514.05, 0, 522627.00, 0
20161216, Stock, 28887.05, 555819.05, 455819.05, 0, 526932.00, 0
20161219, Stock, 28887.05, 558402.05, 458402.05, 0, 529515.00, 0
20161220, Stock, 28887.05, 554097.05, 454097.05, 0, 525210.00, 0
20161221, Stock, 28887.05, 563568.05, 463568.05, 0, 534681.00, 0
20161222, Stock, 28887.05, 571317.05, 471317.05, 0, 542430.00, 0
20161223, Stock, 28887.05, 567873.05, 467873.05, 0, 538986.00, 0
20161226, Stock, 28887.05, 564429.05, 464429.05, 0, 535542.00, 0
20161227, Stock, 28258.95, 561836.95, 461836.95, 0, 533578.00, 5.00
20161228, Stock, 28258.95, 560974.95, 460974.95, 0, 532716.00, 0
20161229, Stock, 28258.95, 566146.95, 466146.95, 0, 537888.00, 0
20161230, Stock, 28895.08, 586823.08, 486823.08, 0, 557928.00, 5.64
20170103, Stock, 28895.08, 611792.08, 511792.08, 0, 582897.00, 0
20170104, Stock, 28895.08, 608348.08, 508348.08, 0, 579453.00, 0
20170105, Stock, 93510.19, 611192.19, 511192.19, 0, 517682.00, 123.24
20170106, Stock, 100920.46, 609060.46, 509060.46, 0, 508140.00, 91.77
20170109, Stock, 100588.78, 608424.78, 508424.78, 0, 507836.00, 15.37
20170110, Stock, 220189.71, 603444.71, 503444.71, 0, 383255.00, 160.54
20170111, Stock, 185175.15, 599633.15, 499633.15, 0, 414458.00, 8.40
20170112, Stock, 178877.87, 594650.87, 494650.87, 0, 415773.00, 10.00
20170113, Stock, 175357.35, 598506.35, 498506.35, 0, 423149.00, 12.64
20170116, Stock, 29421.78, 591277.78, 491277.78, 0, 561856.00, 41.64
20170117, Stock, 29879.44, 595964.44, 495964.44, 0, 566085.00, 11.79
20170118, Stock, 32195.09, 600936.09, 500936.09, 0, 568741.00, 14.72
20170119, Stock, 30916.78, 596224.78, 496224.78, 0, 565308.00, 10.00
20170120, Stock, 30235.42, 602511.42, 502511.42, 0, 572276.00, 5.00
20170123, Stock, 30235.42, 608811.42, 508811.42, 0, 578576.00, 0
20170124, Stock, 30235.42, 608811.42, 508811.42, 0, 578576.00, 0
20170125, Stock, 30757.69, 608897.69, 508897.69, 0, 578140.00, 11.22
20170126, Stock, 30757.69, 608946.69, 508946.69, 0, 578189.00, 0
20170203, Stock, 30757.69, 599874.69, 499874.69, 0, 569117.00, 0
20170206, Stock, 30757.69, 603519.69, 503519.69, 0, 572762.00, 0
20170207, Stock, 30757.69, 599743.69, 499743.69, 0, 568986.00, 0
20170208, Stock, 30757.69, 603813.69, 503813.69, 0, 573056.00, 0
20170209, Stock, 30757.69, 606886.69, 506886.69, 0, 576129.00, 0
20170210, Stock, 30757.69, 615386.69, 515386.69, 0, 584629.00, 0
20170213, Stock, 30757.69, 619505.69, 519505.69, 0, 588748.00, 0
20170214, Stock, 30757.69, 617004.69, 517004.69, 0, 586247.00, 0
20170215, Stock, 30757.69, 613457.69, 513457.69, 0, 582700.00, 0
20170216, Stock, 30757.69, 616154.69, 516154.69, 0, 585397.00, 0
20170217, Stock, 30757.69, 609158.69, 509158.69, 0, 578401.00, 0
20170220, Stock, 30757.69, 625569.69, 525569.69, 0, 594812.00, 0
20170221, Stock, 30757.69, 623771.69, 523771.69, 0, 593014.00, 0
20170222, Stock, 30757.69, 634788.69, 534788.69, 0, 604031.00, 0
20170223, Stock, 30757.69, 633088.69, 533088.69, 0, 602331.00, 0
20170224, Stock, 30757.69, 633938.69, 533938.69, 0, 603181.00, 0
20170227, Stock, 30757.69, 626043.69, 526043.69, 0, 595286.00, 0
20170228, Stock, 30757.69, 631159.69, 531159.69, 0, 600402.00, 0
20170301, Stock, 30757.69, 630211.69, 530211.69, 0, 599454.00, 0
20170302, Stock, 30757.69, 621842.69, 521842.69, 0, 591085.00, 0
20170303, Stock, 30757.69, 619668.69, 519668.69, 0, 588911.00, 0
20170306, Stock, 30757.69, 623264.69, 523264.69, 0, 592507.00, 0
20170307, Stock, 30757.69, 620616.69, 520616.69, 0, 589859.00, 0
20170308, Stock, 30757.69, 617347.69, 517347.69, 0, 586590.00, 0
20170309, Stock, 30757.69, 621335.69, 521335.69, 0, 590578.00, 0
20170310, Stock, 30757.69, 615173.69, 515173.69, 0, 584416.00, 0
20170313, Stock, 30757.69, 620796.69, 520796.69, 0, 590039.00, 0
20170314, Stock, 30757.69, 618099.69, 518099.69, 0, 587342.00, 0
20170315, Stock, 30757.69, 617298.69, 517298.69, 0, 586541.00, 0
20170316, Stock, 30757.69, 621646.69, 521646.69, 0, 590889.00, 0
20170317, Stock, 30757.69, 616726.69, 516726.69, 0, 585969.00, 0
20170320, Stock, 30757.69, 620273.69, 520273.69, 0, 589516.00, 0
20170321, Stock, 30757.69, 625422.69, 525422.69, 0, 594665.00, 0
20170322, Stock, 30757.69, 623477.69, 523477.69, 0, 592720.00, 0
20170323, Stock, 30757.69, 621254.69, 521254.69, 0, 590497.00, 0
20170324, Stock, 30757.69, 634592.69, 534592.69, 0, 603835.00, 0
20170327, Stock, 30757.69, 630375.69, 530375.69, 0, 599618.00, 0
20170328, Stock, 30757.69, 627073.69, 527073.69, 0, 596316.00, 0
20170329, Stock, 30757.69, 633628.69, 533628.69, 0, 602871.00, 0
20170330, Stock, 30971.67, 625964.67, 525964.67, 0, 594993.00, 12.10
20170331, Stock, 30971.67, 627395.67, 527395.67, 0, 596424.00, 0
20170405, Stock, 30971.67, 636385.67, 536385.67, 0, 605414.00, 0
20170406, Stock, 30971.67, 639504.67, 539504.67, 0, 608533.00, 0
20170407, Stock, 30971.67, 634018.67, 534018.67, 0, 603047.00, 0
20170410, Stock, 30971.67, 628899.67, 528899.67, 0, 597928.00, 0
20170411, Stock, 30971.67, 629798.67, 529798.67, 0, 598827.00, 0
20170412, Stock, 30971.67, 629688.67, 529688.67, 0, 598717.00, 0
20170413, Stock, 30971.67, 632605.67, 532605.67, 0, 601634.00, 0
20170414, Stock, 30971.67, 622569.67, 522569.67, 0, 591598.00, 0
20170417, Stock, 30971.67, 622275.67, 522275.67, 0, 591304.00, 0
20170418, Stock, 30971.67, 600204.67, 500204.67, 0, 569233.00, 0
20170419, Stock, 30971.67, 589141.67, 489141.67, 0, 558170.00, 0
20170420, Stock, 30971.67, 586389.67, 486389.67, 0, 555418.00, 0
20170421, Stock, 30971.67, 585600.67, 485600.67, 0, 554629.00, 0
20170424, Stock, 30971.67, 572390.67, 472390.67, 0, 541419.00, 0
20170425, Stock, 30971.67, 576133.67, 476133.67, 0, 545162.00, 0
20170426, Stock, 30971.67, 581105.67, 481105.67, 0, 550134.00, 0
20170427, Stock, 30971.67, 577729.67, 477729.67, 0, 546758.00, 0
20170428, Stock, 30971.67, 578004.67, 478004.67, 0, 547033.00, 0
20170502, Stock, 30971.67, 574298.67, 474298.67, 0, 543327.00, 0
20170503, Stock, -442.07, 571669.93, 471669.93, 0, 572112.00, 173.25
20170504, Stock, 48181.28, 571340.28, 471340.28, 0, 523159.00, 125.73
20170505, Stock, 306.25, 563106.25, 463106.25, 0, 562800.00, 39.99
20170508, Stock, 6963.88, 551303.88, 451303.88, 0, 544340.00, 51.79
20170509, Stock, 6963.88, 556715.88, 456715.88, 0, 549752.00, 0
20170510, Stock, 6963.88, 548330.88, 448330.88, 0, 541367.00, 0
20170511, Stock, 24057.05, 545089.05, 445089.05, 0, 521032.00, 39.56
20170512, Stock, 24057.05, 547596.05, 447596.05, 0, 523539.00, 0
20170515, Stock, 24057.05, 548691.05, 448691.05, 0, 524634.00, 0
20170516, Stock, 24057.05, 556999.05, 456999.05, 0, 532942.00, 0
20170517, Stock, 24057.05, 557819.05, 457819.05, 0, 533762.00, 0
20170518, Stock, 24057.05, 554848.05, 454848.05, 0, 530791.00, 0
20170519, Stock, 23071.30, 554162.30, 454162.30, 0, 531091.00, 22.91
20170522, Stock, 23071.30, 550683.30, 450683.30, 0, 527612.00, 0
20170523, Stock, 23071.30, 544118.30, 444118.30, 0, 521047.00, 0
20170524, Stock, 23071.30, 553366.30, 453366.30, 0, 530295.00, 0
20170525, Stock, 23071.30, 561740.30, 461740.30, 0, 538669.00, 0
20170526, Stock, 23071.30, 561049.30, 461049.30, 0, 537978.00, 0
20170531, Stock, 23071.30, 562472.30, 462472.30, 0, 539401.00, 0
20170601, Stock, 23071.30, 557124.30, 457124.30, 0, 534053.00, 0
20170602, Stock, 23071.30, 562650.30, 462650.30, 0, 539579.00, 0
20170605, Stock, 23071.30, 563563.30, 463563.30, 0, 540492.00, 0
20170606, Stock, 23071.30, 563283.30, 463283.30, 0, 540212.00, 0
20170607, Stock, 27464.10, 571373.10, 471373.10, 0, 543909.00, 0
20170608, Stock, 27464.10, 574104.10, 474104.10, 0, 546640.00, 0
20170609, Stock, 27464.10, 576511.10, 476511.10, 0, 549047.00, 0
20170612, Stock, 27464.10, 569452.10, 469452.10, 0, 541988.00, 0
20170613, Stock, 27464.10, 572565.10, 472565.10, 0, 545101.00, 0
20170614, Stock, 27464.10, 570575.10, 470575.10, 0, 543111.00, 0
20170615, Stock, 27464.10, 572653.10, 472653.10, 0, 545189.00, 0
20170616, Stock, 27464.10, 569955.10, 469955.10, 0, 542491.00, 0
20170619, Stock, 28604.10, 574093.50, 474093.50, 0, 545489.40, 0
20170620, Stock, 28604.10, 574794.50, 474794.50, 0, 546190.40, 0
20170621, Stock, 28604.10, 574069.70, 474069.70, 0, 545465.60, 0
20170622, Stock, 28604.10, 572372.70, 472372.70, 0, 543768.60, 0
20170623, Stock, 28604.10, 571114.10, 471114.10, 0, 542510.00, 0
20170626, Stock, 28604.10, 580001.50, 480001.50, 0, 551397.40, 0
20170627, Stock, 28604.10, 580898.50, 480898.50, 0, 552294.40, 0
20170628, Stock, 28604.10, 579737.30, 479737.30, 0, 551133.20, 0
20170629, Stock, 28604.10, 583685.30, 483685.30, 0, 555081.20, 0
20170630, Stock, 28604.10, 582903.70, 482903.70, 0, 554299.60, 0
20170703, Stock, 28604.10, 586979.90, 486979.90, 0, 558375.80, 0
20170704, Stock, 28604.10, 583530.90, 483530.90, 0, 554926.80, 0
20170705, Stock, 28604.10, 588753.70, 488753.70, 0, 560149.60, 0
20170706, Stock, 28604.10, 589699.50, 489699.50, 0, 561095.40, 0
20170707, Stock, 28604.10, 593801.70, 493801.70, 0, 565197.60, 0
20170710, Stock, 28604.10, 593984.70, 493984.70, 0, 565380.60, 0
20170711, Stock, 28604.10, 592350.10, 492350.10, 0, 563746.00, 0
20170712, Stock, 28604.10, 592589.50, 492589.50, 0, 563985.40, 0
20170713, Stock, 28604.10, 597354.50, 497354.50, 0, 568750.40, 0
20170714, Stock, 32014.50, 598773.50, 498773.50, 0, 566759.00, 0
20170717, Stock, 32014.50, 585953.30, 485953.30, 0, 553938.80, 0
20170718, Stock, 32014.50, 590362.90, 490362.90, 0, 558348.40, 0
20170719, Stock, 32014.50, 603983.30, 503983.30, 0, 571968.80, 0
20170720, Stock, 32014.50, 608182.50, 508182.50, 0, 576168.00, 0
20170721, Stock, 32014.50, 612030.30, 512030.30, 0, 580015.80, 0
20170724, Stock, 32014.50, 618370.90, 518370.90, 0, 586356.40, 0
20170725, Stock, 32014.50, 611139.50, 511139.50, 0, 579125.00, 0
20170726, Stock, 32014.50, 610953.70, 510953.70, 0, 578939.20, 0
20170727, Stock, 32014.50, 607105.30, 507105.30, 0, 575090.80, 0
20170728, Stock, 32014.50, 605816.50, 505816.50, 0, 573802.00, 0
20170731, Stock, 32014.50, 610021.90, 510021.90, 0, 578007.40, 0
20170801, Stock, 32014.50, 609256.10, 509256.10, 0, 577241.60, 0
20170802, Stock, 32014.50, 604999.10, 504999.10, 0, 572984.60, 0
20170803, Stock, 32014.50, 607909.10, 507909.10, 0, 575894.60, 0
20170804, Stock, 32014.50, 606516.30, 506516.30, 0, 574501.80, 0
20170807, Stock, 32014.50, 612040.70, 512040.70, 0, 580026.20, 0
20170808, Stock, 32014.50, 609572.30, 509572.30, 0, 577557.80, 0
20170809, Stock, 32014.50, 610186.30, 510186.30, 0, 578171.80, 0
20170810, Stock, 32014.50, 602924.90, 502924.90, 0, 570910.40, 0
20170811, Stock, 32014.50, 588070.30, 488070.30, 0, 556055.80, 0
20170814, Stock, 32014.50, 594049.70, 494049.70, 0, 562035.20, 0
20170815, Stock, 32014.50, 591642.50, 491642.50, 0, 559628.00, 0
20170816, Stock, 32014.50, 591993.50, 491993.50, 0, 559979.00, 0
20170817, Stock, 32014.50, 594722.10, 494722.10, 0, 562707.60, 0
20170818, Stock, 32014.50, 593026.30, 493026.30, 0, 561011.80, 0
20170821, Stock, 32014.50, 597814.90, 497814.90, 0, 565800.40, 0
20170822, Stock, 32014.50, 595468.90, 495468.90, 0, 563454.40, 0
20170823, Stock, 32014.50, 595191.70, 495191.70, 0, 563177.20, 0
20170824, Stock, 32014.50, 592480.70, 492480.70, 0, 560466.20, 0
20170825, Stock, 35719.50, 597694.70, 497694.70, 0, 561975.20, 0
20170828, Stock, 35719.50, 605203.30, 505203.30, 0, 569483.80, 0
20170829, Stock, 35719.50, 607675.70, 507675.70, 0, 571956.20, 0
20170830, Stock, 35719.50, 605738.10, 505738.10, 0, 570018.60, 0
20170831, Stock, 35719.50, 604166.10, 504166.10, 0, 568446.60, 0
20170901, Stock, 35719.50, 606482.50, 506482.50, 0, 570763.00, 0
20170904, Stock, 35719.50, 603823.30, 503823.30, 0, 568103.80, 0
20170905, Stock, 35719.50, 603182.50, 503182.50, 0, 567463.00, 0
20170906, Stock, 35719.50, 603633.50, 503633.50, 0, 567914.00, 0
20170907, Stock, 35719.50, 599829.30, 499829.30, 0, 564109.80, 0
20170908, Stock, 35719.50, 600597.50, 500597.50, 0, 564878.00, 0
20170911, Stock, 35719.50, 601724.10, 501724.10, 0, 566004.60, 0
20170912, Stock, 35719.50, 603736.90, 503736.90, 0, 568017.40, 0
20170913, Stock, 35719.50, 602112.70, 502112.70, 0, 566393.20, 0
20170914, Stock, 35719.50, 602013.10, 502013.10, 0, 566293.60, 0
20170915, Stock, 39418.70, 597945.50, 497945.50, 0, 558526.80, 0
20170918, Stock, 39418.70, 601485.90, 501485.90, 0, 562067.20, 0
20170919, Stock, 39418.70, 598045.70, 498045.70, 0, 558627.00, 0
20170920, Stock, 39418.70, 598643.50, 498643.50, 0, 559224.80, 0
20170921, Stock, 39418.70, 594264.90, 494264.90, 0, 554846.20, 0
20170922, Stock, 39418.70, 589076.70, 489076.70, 0, 549658.00, 0
20170925, Stock, 39418.70, 585130.10, 485130.10, 0, 545711.40, 0
20170926, Stock, 39418.70, 588103.50, 488103.50, 0, 548684.80, 0
20170927, Stock, 39418.70, 591079.10, 491079.10, 0, 551660.40, 0
20170928, Stock, 39418.70, 588716.90, 488716.90, 0, 549298.20, 0
20170929, Stock, 39418.70, 593434.70, 493434.70, 0, 554016.00, 0
20171009, Stock, 39418.70, 598631.90, 498631.90, 0, 559213.20, 0
20171010, Stock, 39418.70, 603419.10, 503419.10, 0, 564000.40, 0
20171011, Stock, 39418.70, 602873.50, 502873.50, 0, 563454.80, 0
20171012, Stock, 39418.70, 602735.70, 502735.70, 0, 563317.00, 0
20171013, Stock, 39418.70, 605298.50, 505298.50, 0, 565879.80, 0
20171016, Stock, 39418.70, 599030.30, 499030.30, 0, 559611.60, 0
20171017, Stock, 39418.70, 597392.10, 497392.10, 0, 557973.40, 0
20171018, Stock, 39418.70, 596352.50, 496352.50, 0, 556933.80, 0
20171019, Stock, 39418.70, 591772.70, 491772.70, 0, 552354.00, 0
20171020, Stock, 39418.70, 593645.30, 493645.30, 0, 554226.60, 0
20171023, Stock, 39418.70, 598016.10, 498016.10, 0, 558597.40, 0
20171024, Stock, 39418.70, 598985.70, 498985.70, 0, 559567.00, 0
20171025, Stock, 39418.70, 599888.90, 499888.90, 0, 560470.20, 0
20171026, Stock, 39418.70, 602298.30, 502298.30, 0, 562879.60, 0
20171027, Stock, 39418.70, 599840.30, 499840.30, 0, 560421.60, 0
20171030, Stock, 39418.70, 591356.70, 491356.70, 0, 551938.00, 0
20171031, Stock, 39418.70, 595635.90, 495635.90, 0, 556217.20, 0
20171101, Stock, 39418.70, 590195.50, 490195.50, 0, 550776.80, 0
20171102, Stock, 39418.70, 587014.10, 487014.10, 0, 547595.40, 0
20171103, Stock, 39418.70, 578213.30, 478213.30, 0, 538794.60, 0
20171106, Stock, 39418.70, 582325.90, 482325.90, 0, 542907.20, 0
20171107, Stock, 39418.70, 585045.70, 485045.70, 0, 545627.00, 0
20171108, Stock, 39418.70, 588533.10, 488533.10, 0, 549114.40, 0
20171109, Stock, 39418.70, 591447.50, 491447.50, 0, 552028.80, 0
20171110, Stock, 39418.70, 593865.30, 493865.30, 0, 554446.60, 0
20171113, Stock, 39418.70, 595146.70, 495146.70, 0, 555728.00, 0
20171114, Stock, 39418.70, 591454.30, 491454.30, 0, 552035.60, 0
20171115, Stock, 39418.70, 588458.10, 488458.10, 0, 549039.40, 0
20171116, Stock, 39418.70, 585946.10, 485946.10, 0, 546527.40, 0
20171117, Stock, 39418.70, 578034.70, 478034.70, 0, 538616.00, 0
20171120, Stock, 39418.70, 577524.50, 477524.50, 0, 538105.80, 0
20171121, Stock, 39418.70, 584767.10, 484767.10, 0, 545348.40, 0
20171122, Stock, 39418.70, 587615.10, 487615.10, 0, 548196.40, 0
20171123, Stock, 39418.70, 576353.70, 476353.70, 0, 536935.00, 0
20171124, Stock, 39418.70, 580540.70, 480540.70, 0, 541122.00, 0
20171127, Stock, 39418.70, 579209.70, 479209.70, 0, 539791.00, 0
20171128, Stock, 39418.70, 582007.50, 482007.50, 0, 542588.80, 0
20171129, Stock, 39418.70, 586425.90, 486425.90, 0, 547007.20, 0
20171130, Stock, 39418.70, 581632.70, 481632.70, 0, 542214.00, 0
20171201, Stock, 39418.70, 580304.10, 480304.10, 0, 540885.40, 0
20171204, Stock, 39418.70, 576954.70, 476954.70, 0, 537536.00, 0
20171205, Stock, 39418.70, 567651.10, 467651.10, 0, 528232.40, 0
20171206, Stock, 39418.70, 571276.90, 471276.90, 0, 531858.20, 0
20171207, Stock, 39418.70, 567740.90, 467740.90, 0, 528322.20, 0
20171208, Stock, 39418.70, 570351.50, 470351.50, 0, 530932.80, 0
20171211, Stock, 39418.70, 573220.30, 473220.30, 0, 533801.60, 0
20171212, Stock, 39418.70, 569415.90, 469415.90, 0, 529997.20, 0
20171213, Stock, 39418.70, 571229.50, 471229.50, 0, 531810.80, 0
20171214, Stock, 39418.70, 570161.70, 470161.70, 0, 530743.00, 0
20171215, Stock, 39418.70, 566373.50, 466373.50, 0, 526954.80, 0
20171218, Stock, 39418.70, 567249.30, 467249.30, 0, 527830.60, 0
20171219, Stock, 39418.70, 568631.10, 468631.10, 0, 529212.40, 0
20171220, Stock, 39418.70, 563781.30, 463781.30, 0, 524362.60, 0
20171221, Stock, 39418.70, 565659.90, 465659.90, 0, 526241.20, 0
20171222, Stock, 39418.70, 566150.90, 466150.90, 0, 526732.20, 0
20171225, Stock, 39418.70, 564902.10, 464902.10, 0, 525483.40, 0
20171226, Stock, 39418.70, 572056.30, 472056.30, 0, 532637.60, 0
20171227, Stock, 39418.70, 566743.30, 466743.30, 0, 527324.60, 0
20171228, Stock, 39418.70, 570161.30, 470161.30, 0, 530742.60, 0
20171229, Stock, 39418.70, 574602.70, 474602.70, 0, 535184.00, 0
20180102, Stock, 137695.99, 578610.99, 478610.99, 0, 440915.00, 392.07
20180103, Stock, 88840.58, 578289.58, 478289.58, 0, 489449.00, 209.54
20180104, Stock, 68611.31, 580745.31, 480745.31, 0, 512134.00, 125.35
20180105, Stock, 140713.80, 587522.80, 487522.80, 0, 446809.00, 165.39
20180108, Stock, 140713.80, 587802.80, 487802.80, 0, 447089.00, 0
20180109, Stock, 140713.80, 585239.80, 485239.80, 0, 444526.00, 0
20180110, Stock, 140713.80, 585043.80, 485043.80, 0, 444330.00, 0
20180111, Stock, 140713.80, 591484.80, 491484.80, 0, 450771.00, 0
20180112, Stock, 140713.80, 591887.80, 491887.80, 0, 451174.00, 0
20180115, Stock, 140713.80, 576932.80, 476932.80, 0, 436219.00, 0
20180116, Stock, 140713.80, 582781.80, 482781.80, 0, 442068.00, 0
20180117, Stock, 140713.80, 586629.80, 486629.80, 0, 445916.00, 0
20180118, Stock, 140713.80, 585897.80, 485897.80, 0, 445184.00, 0
20180119, Stock, 140713.80, 582060.80, 482060.80, 0, 441347.00, 0
20180122, Stock, 140713.80, 581838.80, 481838.80, 0, 441125.00, 0
20180123, Stock, 140713.80, 582208.80, 482208.80, 0, 441495.00, 0
20180124, Stock, 140713.80, 586812.80, 486812.80, 0, 446099.00, 0
20180125, Stock, 140713.80, 586640.80, 486640.80, 0, 445927.00, 0