datetime,order_book_id,symbol,last_price,quantity,avg_price,market_value,pnl,transaction_cost
20120104,601898.XSHG,中煤能源,8.56,2200,8.63,18832,-160.49,5.00
20120104,000886.XSHE,海南高速,3.08,6100,3.10,18788,-93.94,5.00
20120104,000926.XSHE,福星股份,6.81,2700,6.84,18387,-91.935,5.00
20120104,000900.XSHE,现代投资,12.57,1500,12.63,18855,-94.275,5.00
20120104,600219.XSHG,南山铝业,6.25,3000,6.31,18750,-184.2,5.00
20120105,601898.XSHG,中煤能源,8.54,0,8.63,0,0,28.80
20120105,600219.XSHG,南山铝业,6.21,3000,6.31,18630,-304.2,5.00
20120105,600987.XSHG,航民股份,5.39,1400,5.43,7546,-51.8,5.00
20120105,000886.XSHE,海南高速,3.05,2800,3.10,8540,-127.12,20.05
20120105,000926.XSHE,福星股份,6.87,2700,6.84,18549,70.065,5.00
20120105,000900.XSHE,现代投资,12.12,1500,12.63,18180,-769.275,5.00
20120105,600159.XSHG,大龙地产,3.20,700,3.18,2240,16.94,5.00
20120106,600219.XSHG,南山铝业,6.34,0,6.31,0,0,28.87
20120106,600684.XSHG,珠江实业,6.86,2700,6.93,18522,-201.15,5.00
20120106,600987.XSHG,航民股份,5.49,1400,5.43,7686,88.2,5.00
20120106,000886.XSHE,海南高速,3.03,1100,3.10,3333,-71.94,30.14
20120106,000926.XSHE,福星股份,6.98,2700,6.84,18846,367.065,5.00
20120106,000900.XSHE,现代投资,12.02,1500,12.63,18030,-919.275,5.00
20120106,600159.XSHG,大龙地产,3.23,5800,3.22,18734,58.085,10.00
20120109,600684.XSHG,珠江实业,7.11,2700,6.93,19197,473.85,5.00
20120109,600987.XSHG,航民股份,5.69,1900,5.50,10811,359,10.00
20120109,002440.XSHE,闰土股份,15.87,800,15.96,12696,-71.52,5.00
20120109,000886.XSHE,海南高速,3.14,0,3.10,0,0,38.55
20120109,000926.XSHE,福星股份,7.22,2700,6.84,19494,1015.065,5.00
20120109,000900.XSHE,现代投资,12.54,1500,12.63,18810,-139.275,5.00
20120109,600159.XSHG,大龙地产,3.35,5800,3.22,19430,754.085,10.00
20120110,600684.XSHG,珠江实业,7.40,2700,6.93,19980,1256.85,5.00
20120110,600987.XSHG,航民股份,5.87,1900,5.50,11153,701,10.00
20120110,002440.XSHE,闰土股份,16.45,800,15.96,13160,392.48,5.00
20120110,000926.XSHE,福星股份,7.40,2700,6.84,19980,1501.065,5.00
20120110,000900.XSHE,现代投资,13.05,1500,12.63,19575,625.725,5.00
20120110,600159.XSHG,大龙地产,3.44,5800,3.22,19952,1276.085,10.00
20120111,600684.XSHG,珠江实业,7.36,2700,6.93,19872,1148.85,5.00
20120111,600987.XSHG,航民股份,5.84,1900,5.50,11096,644,10.00
20120111,002440.XSHE,闰土股份,16.49,800,15.96,13192,424.48,5.00
20120111,000926.XSHE,福星股份,7.29,2700,6.84,19683,1204.065,5.00
20120111,000900.XSHE,现代投资,12.91,1500,12.63,19365,415.725,5.00
20120111,600159.XSHG,大龙地产,3.40,5800,3.22,19720,1044.085,10.00
20120112,600684.XSHG,珠江实业,7.50,2700,6.93,20250,1526.85,5.00
20120112,600987.XSHG,航民股份,5.84,1900,5.50,11096,644,10.00
20120112,002440.XSHE,闰土股份,16.47,800,15.96,13176,408.48,5.00
20120112,000926.XSHE,福星股份,7.30,2700,6.84,19710,1231.065,5.00
20120112,000900.XSHE,现代投资,13.00,1500,12.63,19500,550.725,5.00
20120112,600159.XSHG,大龙地产,3.40,5800,3.22,19720,1044.085,10.00
20120113,600219.XSHG,南山铝业,6.64,2100,6.72,13944,-175.245,5.00
20120113,600684.XSHG,珠江实业,7.25,0,6.93,0,0,29.64
20120113,600987.XSHG,航民股份,5.62,1700,5.50,9554,202.21052632,16.12
20120113,002440.XSHE,闰土股份,15.70,800,15.96,12560,-207.52,5.00
20120113,000926.XSHE,福星股份,6.97,4000,6.91,27880,255.565,10.00
20120113,000900.XSHE,现代投资,13.00,1500,12.63,19500,550.725,5.00
20120113,600159.XSHG,大龙地产,3.26,5300,3.22,17278,212.07767241,16.63
20120116,600219.XSHG,南山铝业,6.55,2100,6.72,13755,-364.245,5.00
20120116,600987.XSHG,航民股份,5.54,1700,5.50,9418,66.21052632,16.12
20120116,002440.XSHE,闰土股份,15.26,800,15.96,12208,-559.52,5.00
20120116,000926.XSHE,福星股份,6.80,4000,6.91,27200,-424.435,10.00
20120116,000900.XSHE,现代投资,12.60,1500,12.63,18900,-49.275,5.00
20120116,600159.XSHG,大龙地产,3.20,5300,3.22,16960,-105.92232759,16.63
20120117,600219.XSHG,南山铝业,7.21,2100,6.72,15141,1021.755,5.00
20120117,600987.XSHG,航民股份,5.85,1700,5.50,9945,593.21052632,16.12
20120117,002440.XSHE,闰土股份,16.26,800,15.96,13008,240.48,5.00
20120117,000926.XSHE,福星股份,7.13,4000,6.91,28520,895.565,10.00
20120117,000900.XSHE,现代投资,13.22,1500,12.63,19830,880.725,5.00
20120117,600159.XSHG,大龙地产,3.37,5300,3.22,17861,795.07767241,16.63
20120118,600219.XSHG,南山铝业,7.12,2100,6.72,14952,832.755,5.00
20120118,600987.XSHG,航民股份,5.76,1700,5.50,9792,440.21052632,16.12
20120118,002440.XSHE,闰土股份,16.18,800,15.96,12944,176.48,5.00
20120118,000926.XSHE,福星股份,7.05,4000,6.91,28200,575.565,10.00
20120118,000900.XSHE,现代投资,12.90,1500,12.63,19350,400.725,5.00
20120118,600159.XSHG,大龙地产,3.30,5300,3.22,17490,424.07767241,16.63
20120119,600219.XSHG,南山铝业,7.24,2100,6.72,15204,1084.755,5.00
20120119,600987.XSHG,航民股份,5.93,1700,5.50,10081,729.21052632,16.12
20120119,002440.XSHE,闰土股份,16.40,800,15.96,13120,352.48,5.00
20120119,000926.XSHE,福星股份,7.19,4000,6.91,28760,1135.565,10.00
20120119,000900.XSHE,现代投资,13.07,1500,12.63,19605,655.725,5.00
20120119,600159.XSHG,大龙地产,3.35,5300,3.22,17755,689.07767241,16.63
20120120,600219.XSHG,南山铝业,7.27,2100,6.72,15267,1147.755,5.00
20120120,600987.XSHG,航民股份,5.93,1700,5.50,10081,729.21052632,16.12
20120120,002440.XSHE,闰土股份,16.70,800,15.96,13360,592.48,5.00
20120120,000926.XSHE,福星股份,7.39,4000,6.91,29560,1935.565,10.00
20120120,000900.XSHE,现代投资,13.38,1500,12.63,20070,1120.725,5.00
20120120,600159.XSHG,大龙地产,3.42,5300,3.22,18126,1060.07767241,16.63
20120130,600219.XSHG,南山铝业,7.11,2100,6.72,14931,811.755,5.00
20120130,600987.XSHG,航民股份,5.88,1700,5.50,9996,644.21052632,16.12
20120130,002440.XSHE,闰土股份,16.11,800,15.96,12888,120.48,5.00
20120130,000926.XSHE,福星股份,7.29,4000,6.91,29160,1535.565,10.00
20120130,000900.XSHE,现代投资,13.31,1500,12.63,19965,1015.725,5.00
20120130,600159.XSHG,大龙地产,3.38,5300,3.22,17914,848.07767241,16.63
20120131,600219.XSHG,南山铝业,7.15,2100,6.72,15015,895.755,5.00
20120131,600987.XSHG,航民股份,5.88,1700,5.50,9996,644.21052632,16.12
20120131,002440.XSHE,闰土股份,16.07,800,15.96,12856,88.48,5.00
20120131,000926.XSHE,福星股份,7.48,4000,6.91,29920,2295.565,10.00
20120131,000900.XSHE,现代投资,13.39,1500,12.63,20085,1135.725,5.00
20120131,600159.XSHG,大龙地产,3.39,5300,3.22,17967,901.07767241,16.63
20120201,600219.XSHG,南山铝业,6.96,2100,6.72,14616,496.755,5.00
20120201,600987.XSHG,航民股份,5.81,1700,5.50,9877,525.21052632,16.12
20120201,002440.XSHE,闰土股份,15.93,800,15.96,12744,-23.52,5.00
20120201,000926.XSHE,福星股份,7.49,4000,6.91,29960,2335.565,10.00
20120201,000900.XSHE,现代投资,13.22,1500,12.63,19830,880.725,5.00
20120201,600159.XSHG,大龙地产,3.35,5300,3.22,17755,689.07767241,16.63
20120202,600219.XSHG,南山铝业,7.12,2100,6.72,14952,832.755,5.00
20120202,600987.XSHG,航民股份,5.91,1700,5.50,10047,695.21052632,16.12
20120202,002440.XSHE,闰土股份,16.33,800,15.96,13064,296.48,5.00
20120202,000926.XSHE,福星股份,7.57,4000,6.91,30280,2655.565,10.00
20120202,000900.XSHE,现代投资,13.40,1500,12.63,20100,1150.725,5.00
20120202,600159.XSHG,大龙地产,3.41,5300,3.22,18073,1007.07767241,16.63
20120203,600219.XSHG,南山铝业,7.14,2100,6.72,14994,874.755,5.00
20120203,600987.XSHG,航民股份,5.97,1700,5.50,10149,797.21052632,16.12
20120203,002440.XSHE,闰土股份,16.68,800,15.96,13344,576.48,5.00
20120203,000926.XSHE,福星股份,7.58,4000,6.91,30320,2695.565,10.00
20120203,000900.XSHE,现代投资,13.56,1500,12.63,20340,1390.725,5.00
20120203,600159.XSHG,大龙地产,3.44,5300,3.22,18232,1166.07767241,16.63
20120206,600219.XSHG,南山铝业,7.11,2100,6.72,14931,811.755,5.00
20120206,600987.XSHG,航民股份,5.99,1700,5.50,10183,831.21052632,16.12
20120206,002440.XSHE,闰土股份,16.93,800,15.96,13544,776.48,5.00
20120206,000926.XSHE,福星股份,7.45,4000,6.91,29800,2175.565,10.00
20120206,000900.XSHE,现代投资,13.47,1500,12.63,20205,1255.725,5.00
20120206,600159.XSHG,大龙地产,3.44,5300,3.22,18232,1166.07767241,16.63
20120207,600219.XSHG,南山铝业,6.99,2100,6.72,14679,559.755,5.00
20120207,600987.XSHG,航民股份,5.86,1700,5.50,9962,610.21052632,16.12
20120207,002440.XSHE,闰土股份,16.67,800,15.96,13336,568.48,5.00
20120207,000926.XSHE,福星股份,7.29,4000,6.91,29160,1535.565,10.00
20120207,000900.XSHE,现代投资,13.22,1500,12.63,19830,880.725,5.00
20120207,600159.XSHG,大龙地产,3.37,5300,3.22,17861,795.07767241,16.63
20120208,600219.XSHG,南山铝业,7.33,2100,6.72,15393,1273.755,5.00
20120208,600987.XSHG,航民股份,5.98,1700,5.50,10166,814.21052632,16.12
20120208,002440.XSHE,闰土股份,17.16,800,15.96,13728,960.48,5.00
20120208,000926.XSHE,福星股份,7.50,4000,6.91,30000,2375.565,10.00
20120208,000900.XSHE,现代投资,13.51,1500,12.63,20265,1315.725,5.00
20120208,600159.XSHG,大龙地产,3.44,5300,3.22,18232,1166.07767241,16.63
20120209,600219.XSHG,南山铝业,7.30,2100,6.72,15330,1210.755,5.00
20120209,600987.XSHG,航民股份,6.04,1700,5.50,10268,916.21052632,16.12
20120209,002440.XSHE,闰土股份,17.09,800,15.96,13672,904.48,5.00
20120209,000926.XSHE,福星股份,7.73,4000,6.91,30920,3295.565,10.00
20120209,000900.XSHE,现代投资,13.60,1500,12.63,20400,1450.725,5.00
20120209,600159.XSHG,大龙地产,3.65,5300,3.22,19345,2279.07767241,16.63
20120210,600219.XSHG,南山铝业,7.26,2100,6.72,15246,1126.755,5.00
20120210,600987.XSHG,航民股份,6.06,1700,5.50,10302,950.21052632,16.12
20120210,002440.XSHE,闰土股份,17.03,800,15.96,13624,856.48,5.00
20120210,000926.XSHE,福星股份,8.09,4000,6.91,32360,4735.565,10.00
20120210,000900.XSHE,现代投资,13.63,1500,12.63,20445,1495.725,5.00
20120210,600159.XSHG,大龙地产,3.70,5300,3.22,19610,2544.07767241,16.63
20120213,600219.XSHG,南山铝业,7.27,2100,6.72,15267,1147.755,5.00
20120213,600987.XSHG,航民股份,6.10,1700,5.50,10370,1018.21052632,16.12
20120213,002440.XSHE,闰土股份,17.18,800,15.96,13744,976.48,5.00
20120213,000926.XSHE,福星股份,7.84,4000,6.91,31360,3735.565,10.00
20120213,000900.XSHE,现代投资,13.89,1500,12.63,20835,1885.725,5.00
20120213,600159.XSHG,大龙地产,3.63,5300,3.22,19239,2173.07767241,16.63
20120214,600219.XSHG,南山铝业,7.22,2100,6.72,15162,1042.755,5.00
20120214,600987.XSHG,航民股份,6.10,1700,5.50,10370,1018.21052632,16.12
20120214,002440.XSHE,闰土股份,17.11,800,15.96,13688,920.48,5.00
20120214,000926.XSHE,福星股份,8.08,4000,6.91,32320,4695.565,10.00
20120214,000900.XSHE,现代投资,14.09,1500,12.63,21135,2185.725,5.00
20120214,600159.XSHG,大龙地产,3.68,5300,3.22,19504,2438.07767241,16.63
20120215,600219.XSHG,南山铝业,7.36,2100,6.72,15456,1336.755,5.00
20120215,600987.XSHG,航民股份,6.19,1700,5.50,10523,1171.21052632,16.12
20120215,002440.XSHE,闰土股份,17.45,800,15.96,13960,1192.48,5.00
20120215,000926.XSHE,福星股份,8.09,4000,6.91,32360,4735.565,10.00
20120215,000900.XSHE,现代投资,14.20,1500,12.63,21300,2350.725,5.00
20120215,600159.XSHG,大龙地产,3.68,5300,3.22,19504,2438.07767241,16.63
20120216,600219.XSHG,南山铝业,7.33,2100,6.72,15393,1273.755,5.00
20120216,600987.XSHG,航民股份,6.15,1700,5.50,10455,1103.21052632,16.12
20120216,002440.XSHE,闰土股份,17.22,800,15.96,13776,1008.48,5.00
20120216,000926.XSHE,福星股份,8.12,4000,6.91,32480,4855.565,10.00
20120216,000900.XSHE,现代投资,14.07,1500,12.63,21105,2155.725,5.00
20120216,600159.XSHG,大龙地产,3.68,5300,3.22,19504,2438.07767241,16.63
20120217,600219.XSHG,南山铝业,7.34,2100,6.72,15414,1294.755,5.00
20120217,600987.XSHG,航民股份,6.20,1700,5.50,10540,1188.21052632,16.12
20120217,002440.XSHE,闰土股份,17.00,800,15.96,13600,832.48,5.00
20120217,000926.XSHE,福星股份,8.06,4000,6.91,32240,4615.565,10.00
20120217,000900.XSHE,现代投资,14.00,1500,12.63,21000,2050.725,5.00
20120217,600159.XSHG,大龙地产,3.71,5300,3.22,19663,2597.07767241,16.63
20120220,600219.XSHG,南山铝业,7.35,2100,6.72,15435,1315.755,5.00
20120220,600987.XSHG,航民股份,6.17,1700,5.50,10489,1137.21052632,16.12
20120220,002440.XSHE,闰土股份,17.00,800,15.96,13600,832.48,5.00
20120220,000926.XSHE,福星股份,8.06,4000,6.91,32240,4615.565,10.00
20120220,000900.XSHE,现代投资,14.01,1500,12.63,21015,2065.725,5.00
20120220,600159.XSHG,大龙地产,3.87,5300,3.22,20511,3445.07767241,16.63
20120221,600219.XSHG,南山铝业,7.38,2100,6.72,15498,1378.755,5.00
20120221,600987.XSHG,航民股份,6.23,1700,5.50,10591,1239.21052632,16.12
20120221,002440.XSHE,闰土股份,17.16,800,15.96,13728,960.48,5.00
20120221,000926.XSHE,福星股份,8.58,4000,6.91,34320,6695.565,10.00
20120221,000900.XSHE,现代投资,14.10,1500,12.63,21150,2200.725,5.00
20120221,600159.XSHG,大龙地产,3.86,5300,3.22,20458,3392.07767241,16.63
20120222,600219.XSHG,南山铝业,7.50,2100,6.72,15750,1630.755,5.00
20120222,600987.XSHG,航民股份,6.38,1700,5.50,10846,1494.21052632,16.12
20120222,002440.XSHE,闰土股份,17.75,800,15.96,14200,1432.48,5.00
20120222,000926.XSHE,福星股份,9.06,4000,6.91,36240,8615.565,10.00
20120222,000900.XSHE,现代投资,14.44,1500,12.63,21660,2710.725,5.00
20120222,600159.XSHG,大龙地产,3.95,5300,3.22,20935,3869.07767241,16.63
20120223,600219.XSHG,南山铝业,7.48,2100,6.72,15708,1588.755,5.00
20120223,600987.XSHG,航民股份,6.44,1700,5.50,10948,1596.21052632,16.12
20120223,002440.XSHE,闰土股份,18.00,800,15.96,14400,1632.48,5.00
20120223,000926.XSHE,福星股份,9.07,4000,6.91,36280,8655.565,10.00
20120223,000900.XSHE,现代投资,14.63,1500,12.63,21945,2995.725,5.00
20120223,600159.XSHG,大龙地产,3.90,5300,3.22,20670,3604.07767241,16.63
20120224,600219.XSHG,南山铝业,7.53,2100,6.72,15813,1693.755,5.00
20120224,600987.XSHG,航民股份,6.51,1700,5.50,11067,1715.21052632,16.12
20120224,002440.XSHE,闰土股份,18.10,800,15.96,14480,1712.48,5.00
20120224,000926.XSHE,福星股份,9.44,4000,6.91,37760,10135.565,10.00
20120224,000900.XSHE,现代投资,14.70,1500,12.63,22050,3100.725,5.00
20120224,600159.XSHG,大龙地产,4.12,5300,3.22,21836,4770.07767241,16.63
20120227,600219.XSHG,南山铝业,7.88,2100,6.72,16548,2428.755,5.00
20120227,600987.XSHG,航民股份,6.54,1700,5.50,11118,1766.21052632,16.12
20120227,002440.XSHE,闰土股份,18.03,800,15.96,14424,1656.48,5.00
20120227,000926.XSHE,福星股份,9.28,4000,6.91,37120,9495.565,10.00
20120227,000900.XSHE,现代投资,14.76,1500,12.63,22140,3190.725,5.00
20120227,600159.XSHG,大龙地产,4.08,5300,3.22,21624,4558.07767241,16.63
20120228,600219.XSHG,南山铝业,7.91,2100,6.72,16611,2491.755,5.00
20120228,600987.XSHG,航民股份,6.58,1700,5.50,11186,1834.21052632,16.12
20120228,002440.XSHE,闰土股份,18.08,800,15.96,14464,1696.48,5.00
20120228,000926.XSHE,福星股份,9.29,4000,6.91,37160,9535.565,10.00
20120228,000900.XSHE,现代投资,14.75,1500,12.63,22125,3175.725,5.00
20120228,600159.XSHG,大龙地产,4.13,5300,3.22,21889,4823.07767241,16.63
20120229,600219.XSHG,南山铝业,7.87,2100,6.72,16527,2407.755,5.00
20120229,600987.XSHG,航民股份,6.49,1700,5.50,11033,1681.21052632,16.12
20120229,002440.XSHE,闰土股份,18.05,800,15.96,14440,1672.48,5.00
20120229,000926.XSHE,福星股份,8.94,4000,6.91,35760,8135.565,10.00
20120229,000900.XSHE,现代投资,14.53,1500,12.63,21795,2845.725,5.00
20120229,600159.XSHG,大龙地产,3.93,5300,3.22,20829,3763.07767241,16.63
20120301,600219.XSHG,南山铝业,7.86,2100,6.72,16506,2386.755,5.00
20120301,600987.XSHG,航民股份,6.72,1700,5.50,11424,2072.21052632,16.12
20120301,002440.XSHE,闰土股份,17.80,800,15.96,14240,1472.48,5.00
20120301,000926.XSHE,福星股份,9.14,4000,6.91,36560,8935.565,10.00
20120301,000900.XSHE,现代投资,14.58,1500,12.63,21870,2920.725,5.00
20120301,600159.XSHG,大龙地产,3.95,5300,3.22,20935,3869.07767241,16.63
20120302,600219.XSHG,南山铝业,7.97,2100,6.72,16737,2617.755,5.00
20120302,600987.XSHG,航民股份,6.77,1700,5.50,11509,2157.21052632,16.12
20120302,002440.XSHE,闰土股份,18.37,800,15.96,14696,1928.48,5.00
20120302,000926.XSHE,福星股份,9.63,4000,6.91,38520,10895.565,10.00
20120302,000900.XSHE,现代投资,14.90,1500,12.63,22350,3400.725,5.00
20120302,600159.XSHG,大龙地产,4.13,5300,3.22,21889,4823.07767241,16.63
20120305,600219.XSHG,南山铝业,8.10,2100,6.72,17010,2890.755,5.00
20120305,600987.XSHG,航民股份,6.78,1700,5.50,11526,2174.21052632,16.12
20120305,002440.XSHE,闰土股份,18.40,800,15.96,14720,1952.48,5.00
20120305,000926.XSHE,福星股份,9.46,4000,6.91,37840,10215.565,10.00
20120305,000900.XSHE,现代投资,15.05,1500,12.63,22575,3625.725,5.00
20120305,600159.XSHG,大龙地产,4.14,5300,3.22,21942,4876.07767241,16.63
20120306,600219.XSHG,南山铝业,8.02,2100,6.72,16842,2722.755,5.00
20120306,600987.XSHG,航民股份,6.62,1700,5.50,11254,1902.21052632,16.12
20120306,002440.XSHE,闰土股份,18.44,800,15.96,14752,1984.48,5.00
20120306,000926.XSHE,福星股份,9.39,4000,6.91,37560,9935.565,10.00
20120306,000900.XSHE,现代投资,14.80,1500,12.63,22200,3250.725,5.00
20120306,600159.XSHG,大龙地产,4.06,5300,3.22,21518,4452.07767241,16.63
20120307,600219.XSHG,南山铝业,7.85,2100,6.72,16485,2365.755,5.00
20120307,600987.XSHG,航民股份,6.55,1700,5.50,11135,1783.21052632,16.12
20120307,002440.XSHE,闰土股份,18.66,800,15.96,14928,2160.48,5.00
20120307,000926.XSHE,福星股份,9.23,4000,6.91,36920,9295.565,10.00
20120307,000900.XSHE,现代投资,14.39,1500,12.63,21585,2635.725,5.00
20120307,600159.XSHG,大龙地产,4.03,5300,3.22,21359,4293.07767241,16.63
20120308,600219.XSHG,南山铝业,7.96,2100,6.72,16716,2596.755,5.00
20120308,600987.XSHG,航民股份,6.62,1700,5.50,11254,1902.21052632,16.12
20120308,002440.XSHE,闰土股份,18.90,800,15.96,15120,2352.48,5.00
20120308,000926.XSHE,福星股份,9.23,4000,6.91,36920,9295.565,10.00
20120308,000900.XSHE,现代投资,14.55,1500,12.63,21825,2875.725,5.00
20120308,600159.XSHG,大龙地产,4.08,5300,3.22,21624,4558.07767241,16.63
20120309,600219.XSHG,南山铝业,8.00,2100,6.72,16800,2680.755,5.00
20120309,600987.XSHG,航民股份,6.70,1700,5.50,11390,2038.21052632,16.12
20120309,002440.XSHE,闰土股份,19.19,800,15.96,15352,2584.48,5.00
20120309,000926.XSHE,福星股份,9.20,4000,6.91,36800,9175.565,10.00
20120309,000900.XSHE,现代投资,14.75,1500,12.63,22125,3175.725,5.00
20120309,600159.XSHG,大龙地产,4.08,5300,3.22,21624,4558.07767241,16.63
20120312,600219.XSHG,南山铝业,7.98,2100,6.72,16758,2638.755,5.00
20120312,600987.XSHG,航民股份,6.64,1700,5.50,11288,1936.21052632,16.12
20120312,002440.XSHE,闰土股份,19.27,800,15.96,15416,2648.48,5.00
20120312,000926.XSHE,福星股份,9.11,4000,6.91,36440,8815.565,10.00
20120312,000900.XSHE,现代投资,14.76,1500,12.63,22140,3190.725,5.00
20120312,600159.XSHG,大龙地产,4.00,5300,3.22,21200,4134.07767241,16.63
20120313,600219.XSHG,南山铝业,7.98,2100,6.72,16758,2638.755,5.00
20120313,600987.XSHG,航民股份,6.67,1700,5.50,11339,1987.21052632,16.12
20120313,002440.XSHE,闰土股份,19.30,800,15.96,15440,2672.48,5.00
20120313,000926.XSHE,福星股份,9.29,4000,6.91,37160,9535.565,10.00
20120313,000900.XSHE,现代投资,14.92,1500,12.63,22380,3430.725,5.00
20120313,600159.XSHG,大龙地产,4.05,5300,3.22,21465,4399.07767241,16.63
20120314,600219.XSHG,南山铝业,7.62,2100,6.72,16002,1882.755,5.00
20120314,600987.XSHG,航民股份,6.33,1700,5.50,10761,1409.21052632,16.12
20120314,002440.XSHE,闰土股份,18.35,800,15.96,14680,1912.48,5.00
20120314,000926.XSHE,福星股份,8.77,4000,6.91,35080,7455.565,10.00
20120314,000900.XSHE,现代投资,14.36,1500,12.63,21540,2590.725,5.00
20120314,600159.XSHG,大龙地产,3.81,5300,3.22,20193,3127.07767241,16.63
20120315,600219.XSHG,南山铝业,7.62,2100,6.72,16002,1882.755,5.00
20120315,600987.XSHG,航民股份,6.24,1700,5.50,10608,1256.21052632,16.12
20120315,002440.XSHE,闰土股份,17.97,800,15.96,14376,1608.48,5.00
20120315,000926.XSHE,福星股份,8.25,4000,6.91,33000,5375.565,10.00
20120315,000900.XSHE,现代投资,14.06,1500,12.63,21090,2140.725,5.00
20120315,600159.XSHG,大龙地产,3.66,5300,3.22,19398,2332.07767241,16.63
20120316,600219.XSHG,南山铝业,7.68,2100,6.72,16128,2008.755,5.00
20120316,600987.XSHG,航民股份,6.37,1700,5.50,10829,1477.21052632,16.12
20120316,002440.XSHE,闰土股份,18.67,800,15.96,14936,2168.48,5.00
20120316,000926.XSHE,福星股份,8.47,4000,6.91,33880,6255.565,10.00
20120316,000900.XSHE,现代投资,14.40,1500,12.63,21600,2650.725,5.00
20120316,600159.XSHG,大龙地产,3.73,5300,3.22,19769,2703.07767241,16.63
20120319,600219.XSHG,南山铝业,7.75,2100,6.72,16275,2155.755,5.00
20120319,600987.XSHG,航民股份,6.47,1700,5.50,10999,1647.21052632,16.12
20120319,002440.XSHE,闰土股份,18.71,800,15.96,14968,2200.48,5.00
20120319,000926.XSHE,福星股份,8.60,4000,6.91,34400,6775.565,10.00
20120319,000900.XSHE,现代投资,14.48,1500,12.63,21720,2770.725,5.00
20120319,600159.XSHG,大龙地产,3.76,5300,3.22,19928,2862.07767241,16.63
20120320,600219.XSHG,南山铝业,7.53,2100,6.72,15813,1693.755,5.00
20120320,600987.XSHG,航民股份,6.30,1700,5.50,10710,1358.21052632,16.12
20120320,002440.XSHE,闰土股份,18.18,800,15.96,14544,1776.48,5.00
20120320,000926.XSHE,福星股份,8.54,4000,6.91,34160,6535.565,10.00
20120320,000900.XSHE,现代投资,14.15,1500,12.63,21225,2275.725,5.00
20120320,600159.XSHG,大龙地产,3.74,5300,3.22,19822,2756.07767241,16.63
20120321,600219.XSHG,南山铝业,7.76,2100,6.72,16296,2176.755,5.00
20120321,600987.XSHG,航民股份,6.35,1700,5.50,10795,1443.21052632,16.12
20120321,002440.XSHE,闰土股份,18.10,800,15.96,14480,1712.48,5.00
20120321,000926.XSHE,福星股份,8.69,4000,6.91,34760,7135.565,10.00
20120321,000900.XSHE,现代投资,14.07,1500,12.63,21105,2155.725,5.00
20120321,600159.XSHG,大龙地产,3.77,5300,3.22,19981,2915.07767241,16.63
20120322,600219.XSHG,南山铝业,7.61,4900,7.25,37289,1783.355,10.13
20120322,600987.XSHG,航民股份,6.35,200,5.50,1270,169.78947368,30.60
20120322,002440.XSHE,闰土股份,18.11,500,15.96,9055,1075.3,15.41
20120322,000926.XSHE,福星股份,8.89,4200,7.00,37338,7930.695,15.00
20120322,000900.XSHE,现代投资,14.07,1500,12.63,21105,2155.725,5.00
20120322,600159.XSHG,大龙地产,3.81,0,3.22,0,0,41.67
20120323,600219.XSHG,南山铝业,7.44,3700,7.25,27528,717.615,23.99
20120323,600987.XSHG,航民股份,6.24,0,5.50,0,0,36.84
20120323,002440.XSHE,闰土股份,17.63,0,15.96,0,0,29.17
20120323,000926.XSHE,福星股份,8.57,3200,7.00,27424,5018.43428571,28.51
20120323,000900.XSHE,现代投资,13.69,1900,12.86,26011,1578.445,10.00
20120323,600270.XSHG,外运发展,7.10,2700,7.11,19170,-14.445,5.00
20120326,601898.XSHG,中煤能源,9.11,2400,9.15,21864,-85.2,5.27
20120326,600219.XSHG,南山铝业,7.46,3000,7.25,22380,641.85,34.18
20120326,000926.XSHE,福星股份,8.56,2600,7.00,22256,4051.47785714,38.60
20120326,000900.XSHE,现代投资,13.62,1700,12.86,23154,1293.29289474,17.71
20120326,600270.XSHG,外运发展,7.34,2900,7.12,21286,630.235,10.00
20120327,601898.XSHG,中煤能源,9.16,2400,9.15,21984,34.8,5.27
20120327,600219.XSHG,南山铝业,7.44,3000,7.25,22320,581.85,34.18
20120327,000926.XSHE,福星股份,8.45,2600,7.00,21970,3765.47785714,38.60
20120327,000900.XSHE,现代投资,13.67,1700,12.86,23239,1378.29289474,17.71
20120327,600270.XSHG,外运发展,7.37,2900,7.12,21373,717.235,10.00
20120328,601898.XSHG,中煤能源,8.86,2400,9.15,21264,-685.2,5.27
20120328,600219.XSHG,南山铝业,7.19,3000,7.25,21570,-168.15,34.18
20120328,000926.XSHE,福星股份,8.25,2600,7.00,21450,3245.47785714,38.60
20120328,000900.XSHE,现代投资,12.98,1700,12.86,22066,205.29289474,17.71
20120328,600270.XSHG,外运发展,7.02,3000,7.12,21060,-299.265,15.00
20120329,601898.XSHG,中煤能源,8.85,0,9.15,0,0,31.53
20120329,600219.XSHG,南山铝业,7.00,3700,7.21,25900,-776.72,39.18
20120329,000926.XSHE,福星股份,8.56,3000,7.22,25680,4030.33785714,43.60
20120329,000900.XSHE,现代投资,12.81,2000,12.87,25620,-111.96710526,22.71
20120329,600270.XSHG,外运发展,7.00,3700,7.11,25900,-390.8,20.00
20120330,600219.XSHG,南山铝业,7.00,3100,7.21,21700,-650.76540541,48.35
20120330,600626.XSHG,申达股份,3.65,2000,3.64,7300,23.8,5.00
20120330,000926.XSHE,福星股份,8.80,2500,7.22,22000,3958.61488095,52.98
20120330,000900.XSHE,现代投资,12.97,2000,12.87,25940,208.03289474,22.71
20120330,600270.XSHG,外运发展,7.00,3100,7.11,21700,-327.42702703,29.18
20120405,600219.XSHG,南山铝业,7.19,3100,7.21,22289,-61.76540541,48.35
20120405,600626.XSHG,申达股份,3.74,2500,3.66,9350,189.425,10.00
20120405,000926.XSHE,福星股份,8.96,2500,7.22,22400,4358.61488095,52.98
20120405,000900.XSHE,现代投资,13.39,1700,12.87,22763,890.82796053,31.71
20120405,600270.XSHG,外运发展,7.23,3100,7.11,22413,385.57297297,29.18
20120406,600219.XSHG,南山铝业,7.19,3100,7.21,22289,-61.76540541,48.35
20120406,600626.XSHG,申达股份,3.79,5200,3.73,19708,290.395,15.00
20120406,000926.XSHE,福星股份,8.93,2500,7.22,22325,4283.61488095,52.98
20120406,000900.XSHE,现代投资,13.41,1700,12.87,22797,924.82796053,31.71
20120406,600270.XSHG,外运发展,7.30,3000,7.11,21900,583.13513514,34.91
20120409,600219.XSHG,南山铝业,7.14,3100,7.21,22134,-216.76540541,48.35
20120409,600626.XSHG,申达股份,3.74,5700,3.74,21318,16.02,20.00
20120409,000926.XSHE,福星股份,8.85,2500,7.22,22125,4083.61488095,52.98
20120409,000900.XSHE,现代投资,13.55,1600,12.87,21680,1094.42631579,38.07
20120409,600270.XSHG,外运发展,7.29,3000,7.11,21870,553.13513514,34.91
20120410,600219.XSHG,南山铝业,7.20,3100,7.21,22320,-30.76540541,48.35
20120410,600626.XSHG,申达股份,3.85,5700,3.74,21945,643.02,20.00
20120410,000926.XSHE,福星股份,9.08,2500,7.22,22700,4658.61488095,52.98
20120410,000900.XSHE,现代投资,13.75,1600,12.87,22000,1414.42631579,38.07
20120410,600270.XSHG,外运发展,7.42,3000,7.11,22260,943.13513514,34.91
20120411,600219.XSHG,南山铝业,7.12,3100,7.11,22072,31.23459459,48.35
20120411,600626.XSHG,申达股份,3.90,5700,3.74,22230,928.02,20.00
20120411,000926.XSHE,福星股份,9.15,2500,7.22,22875,4833.61488095,52.98
20120411,000900.XSHE,现代投资,13.77,1600,12.87,22032,1446.42631579,38.07
20120411,600270.XSHG,外运发展,7.66,3000,7.11,22980,1663.13513514,34.91
20120412,600219.XSHG,南山铝业,7.31,3100,7.11,22661,620.23459459,48.35
20120412,600626.XSHG,申达股份,4.01,5700,3.74,22857,1555.02,20.00
20120412,000926.XSHE,福星股份,9.28,2500,7.22,23200,5158.61488095,52.98
20120412,000900.XSHE,现代投资,13.99,1600,12.87,22384,1798.42631579,38.07
20120412,600270.XSHG,外运发展,7.66,3000,7.11,22980,1663.13513514,34.91
20120413,600219.XSHG,南山铝业,7.35,3100,7.11,22785,744.23459459,48.35
20120413,600626.XSHG,申达股份,4.10,5600,3.74,22960,2031.73894737,25.41
20120413,000926.XSHE,福星股份,9.24,2500,7.22,23100,5058.61488095,52.98
20120413,000900.XSHE,现代投资,14.58,1600,12.87,23328,2742.42631579,38.07
20120413,600270.XSHG,外运发展,7.63,3000,7.11,22890,1573.13513514,34.91
20120416,600219.XSHG,南山铝业,7.37,3100,7.11,22847,806.23459459,48.35
20120416,600626.XSHG,申达股份,4.09,5600,3.74,22904,1975.73894737,25.41
20120416,000926.XSHE,福星股份,9.30,2500,7.22,23250,5208.61488095,52.98
20120416,000900.XSHE,现代投资,14.46,1600,12.87,23136,2550.42631579,38.07
20120416,600270.XSHG,外运发展,7.73,3000,7.11,23190,1873.13513514,34.91
20120417,600219.XSHG,南山铝业,7.24,3900,7.15,28236,366.23459459,53.35
20120417,600626.XSHG,申达股份,4.06,6900,3.80,28014,1794.41394737,30.41
20120417,000926.XSHE,福星股份,9.16,3000,7.55,27480,4830.68988095,57.98
20120417,000900.XSHE,现代投资,14.28,1900,13.10,27132,2234.97631579,43.07
20120417,600270.XSHG,外运发展,7.60,0,7.11,0,0,63.23
20120418,600219.XSHG,南山铝业,7.46,3900,7.15,29094,1224.23459459,53.35
20120418,600626.XSHG,申达股份,4.13,6900,3.80,28497,2277.41394737,30.41
20120418,000926.XSHE,福星股份,9.43,0,7.55,0,0,92.92
20120418,000900.XSHE,现代投资,14.73,1900,13.10,27987,3089.97631579,43.07
20120419,600219.XSHG,南山铝业,7.49,3900,7.15,29211,1341.23459459,53.35
20120419,600626.XSHG,申达股份,4.09,7000,3.80,28630,1999.36894737,35.41
20120419,600270.XSHG,外运发展,7.65,2800,7.65,21420,5.46,5.14
20120419,000900.XSHE,现代投资,14.61,1900,13.10,27759,2861.97631579,43.07
20120420,600219.XSHG,南山铝业,7.60,3900,7.15,29640,1770.23459459,53.35
20120420,600626.XSHG,申达股份,4.20,7000,3.80,29400,2769.36894737,35.41
20120420,600270.XSHG,外运发展,7.86,2800,7.65,22008,593.46,5.14
20120420,000900.XSHE,现代投资,15.13,1900,13.10,28747,3849.97631579,43.07
20120423,600219.XSHG,南山铝业,7.63,3900,7.15,29757,1887.23459459,53.35
20120423,600626.XSHG,申达股份,4.18,7000,3.80,29260,2629.36894737,35.41
20120423,600270.XSHG,外运发展,7.73,2800,7.65,21644,229.46,5.14
20120423,000900.XSHE,现代投资,15.48,1900,13.10,29412,4514.97631579,43.07
20120424,600219.XSHG,南山铝业,7.51,3900,7.15,29289,1419.23459459,53.35
20120424,600626.XSHG,申达股份,4.46,7000,3.80,31220,4589.36894737,35.41
20120424,600270.XSHG,外运发展,7.53,2800,7.65,21084,-330.54,5.14
20120424,000900.XSHE,现代投资,15.75,1900,13.10,29925,5027.97631579,43.07
20120425,600219.XSHG,南山铝业,7.56,3900,7.15,29484,1614.23459459,53.35
20120425,600626.XSHG,申达股份,4.52,7000,3.80,31640,5009.36894737,35.41
20120425,600270.XSHG,外运发展,7.76,2800,7.65,21728,313.46,5.14
20120425,000900.XSHE,现代投资,15.90,1900,13.10,30210,5312.97631579,43.07
20120426,600219.XSHG,南山铝业,7.82,3900,7.15,30498,2628.23459459,53.35
20120426,600626.XSHG,申达股份,4.52,7000,3.80,31640,5009.36894737,35.41
20120426,600270.XSHG,外运发展,7.63,2800,7.65,21364,-50.54,5.14
20120426,000900.XSHE,现代投资,15.22,1900,13.10,28918,4020.97631579,43.07
20120427,600219.XSHG,南山铝业,7.69,3900,7.15,29991,2121.23459459,53.35
20120427,600626.XSHG,申达股份,4.36,7000,3.80,30520,3889.36894737,35.41
20120427,600270.XSHG,外运发展,7.48,2800,7.65,20944,-470.54,5.14
20120427,000900.XSHE,现代投资,14.82,1900,13.10,28158,3260.97631579,43.07
20120502,600219.XSHG,南山铝业,7.90,3900,7.15,30810,2940.23459459,53.35
20120502,600626.XSHG,申达股份,4.37,7000,3.80,30590,3959.36894737,35.41
20120502,600270.XSHG,外运发展,7.82,2800,7.65,21896,481.46,5.14
20120502,000900.XSHE,现代投资,15.48,1900,13.10,29412,4514.97631579,43.07
20120503,600219.XSHG,南山铝业,7.89,3900,7.15,30771,2901.23459459,53.35
20120503,600626.XSHG,申达股份,4.30,7000,3.80,30100,3469.36894737,35.41
20120503,600270.XSHG,外运发展,8.09,2800,7.65,22652,1237.46,5.14
20120503,000900.XSHE,现代投资,15.60,1900,13.10,29640,4742.97631579,43.07
20120504,600219.XSHG,南山铝业,7.85,3900,7.15,30615,2745.23459459,53.35
20120504,600626.XSHG,申达股份,4.35,7000,3.80,30450,3819.36894737,35.41
20120504,600270.XSHG,外运发展,8.09,2800,7.65,22652,1237.46,5.14
20120504,000900.XSHE,现代投资,15.47,1900,13.10,29393,4495.97631579,43.07
20120507,600219.XSHG,南山铝业,7.92,3900,7.15,30888,3018.23459459,53.35
20120507,600626.XSHG,申达股份,4.35,7000,3.80,30450,3819.36894737,35.41
20120507,600270.XSHG,外运发展,8.30,2800,7.65,23240,1825.46,5.14
20120507,000900.XSHE,现代投资,15.64,1900,13.10,29716,4818.97631579,43.07
20120508,600219.XSHG,南山铝业,7.87,3900,7.15,30693,2823.23459459,53.35
20120508,600626.XSHG,申达股份,4.32,7000,3.80,30240,3609.36894737,35.41
20120508,600270.XSHG,外运发展,8.39,2800,7.65,23492,2077.46,5.14
20120508,000900.XSHE,现代投资,15.29,1900,13.10,29051,4153.97631579,43.07
20120509,600219.XSHG,南山铝业,7.61,3900,7.15,29679,1809.23459459,53.35
20120509,600626.XSHG,申达股份,4.17,7000,3.80,29190,2559.36894737,35.41
20120509,600270.XSHG,外运发展,8.07,2800,7.65,22596,1181.46,5.14
20120509,000900.XSHE,现代投资,14.82,1900,13.10,28158,3260.97631579,43.07
20120510,600219.XSHG,南山铝业,7.62,3900,7.15,29718,1848.23459459,53.35
20120510,600626.XSHG,申达股份,4.21,7000,3.80,29470,2839.36894737,35.41
20120510,600270.XSHG,外运发展,8.16,2800,7.65,22848,1433.46,5.14
20120510,000900.XSHE,现代投资,14.91,1900,13.10,28329,3431.97631579,43.07
20120511,600219.XSHG,南山铝业,7.52,3900,7.15,29328,1458.23459459,53.35
20120511,600626.XSHG,申达股份,4.15,7000,3.80,29050,2419.36894737,35.41
20120511,600270.XSHG,外运发展,8.07,2800,7.65,22596,1181.46,5.14
20120511,000900.XSHE,现代投资,14.94,1900,13.10,28386,3488.97631579,43.07
20120514,600219.XSHG,南山铝业,7.48,3900,7.15,29172,1302.23459459,53.35
20120514,600626.XSHG,申达股份,4.14,7000,3.80,28980,2349.36894737,35.41
20120514,600270.XSHG,外运发展,8.14,2800,7.65,22792,1377.46,5.14
20120514,000900.XSHE,现代投资,14.96,1900,13.10,28424,3526.97631579,43.07
20120515,600219.XSHG,南山铝业,7.53,3900,7.15,29367,1497.23459459,53.35
20120515,600626.XSHG,申达股份,4.16,7000,3.80,29120,2489.36894737,35.41
20120515,600270.XSHG,外运发展,8.07,2800,7.65,22596,1181.46,5.14
20120515,000900.XSHE,现代投资,15.11,1900,13.10,28709,3811.97631579,43.07
20120516,600219.XSHG,南山铝业,7.34,3900,7.15,28626,756.23459459,53.35
20120516,600626.XSHG,申达股份,4.12,7000,3.80,28840,2209.36894737,35.41
20120516,600270.XSHG,外运发展,7.92,2800,7.65,22176,761.46,5.14
20120516,000900.XSHE,现代投资,14.84,1900,13.10,28196,3298.97631579,43.07
20120517,600219.XSHG,南山铝业,7.49,3900,7.15,29211,1341.23459459,53.35
20120517,600626.XSHG,申达股份,4.23,7000,3.80,29610,2979.36894737,35.41
20120517,600270.XSHG,外运发展,8.00,2800,7.65,22400,985.46,5.14
20120517,000900.XSHE,现代投资,15.22,1900,13.10,28918,4020.97631579,43.07
20120518,600219.XSHG,南山铝业,7.33,3900,7.15,28587,717.23459459,53.35
20120518,600626.XSHG,申达股份,4.15,7000,3.80,29050,2419.36894737,35.41
20120518,600270.XSHG,外运发展,7.43,2800,7.65,20804,-610.54,5.14
20120518,000900.XSHE,现代投资,15.34,1900,13.10,29146,4248.97631579,43.07
20120521,600219.XSHG,南山铝业,7.38,3900,7.15,28782,912.23459459,53.35
20120521,600626.XSHG,申达股份,4.16,7000,3.80,29120,2489.36894737,35.41
20120521,600270.XSHG,外运发展,7.43,2800,7.65,20804,-610.54,5.14
20120521,000900.XSHE,现代投资,15.46,1900,13.10,29374,4476.97631579,43.07
20120522,600219.XSHG,南山铝业,7.48,3900,7.15,29172,1302.23459459,53.35
20120522,600626.XSHG,申达股份,4.21,7000,3.80,29470,2839.36894737,35.41
20120522,600270.XSHG,外运发展,7.48,2800,7.65,20944,-470.54,5.14
20120522,000900.XSHE,现代投资,15.47,1900,13.10,29393,4495.97631579,43.07
20120523,600219.XSHG,南山铝业,7.40,3900,7.15,28860,990.23459459,53.35
20120523,600626.XSHG,申达股份,4.17,7000,3.80,29190,2559.36894737,35.41
20120523,600270.XSHG,外运发展,7.85,2800,7.65,21980,565.46,5.14
20120523,000900.XSHE,现代投资,15.20,1900,13.10,28880,3982.97631579,43.07
20120524,600219.XSHG,南山铝业,7.35,3900,7.15,28665,795.23459459,53.35
20120524,600626.XSHG,申达股份,4.11,7000,3.80,28770,2139.36894737,35.41
20120524,600270.XSHG,外运发展,7.63,2800,7.65,21364,-50.54,5.14
20120524,000900.XSHE,现代投资,15.06,1900,13.10,28614,3716.97631579,43.07
20120525,600219.XSHG,南山铝业,7.31,3900,7.15,28509,639.23459459,53.35
20120525,600626.XSHG,申达股份,4.02,7000,3.80,28140,1509.36894737,35.41
20120525,600270.XSHG,外运发展,7.66,2800,7.65,21448,33.46,5.14
20120525,000900.XSHE,现代投资,14.81,1900,13.10,28139,3241.97631579,43.07
20120528,600219.XSHG,南山铝业,7.46,3900,7.15,29094,1224.23459459,53.35
20120528,600626.XSHG,申达股份,4.07,7000,3.80,28490,1859.36894737,35.41
20120528,600270.XSHG,外运发展,7.85,2800,7.65,21980,565.46,5.14
20120528,000900.XSHE,现代投资,15.04,1900,13.10,28576,3678.97631579,43.07
20120529,600219.XSHG,南山铝业,7.57,3900,7.15,29523,1653.23459459,53.35
20120529,600626.XSHG,申达股份,4.12,7000,3.80,28840,2209.36894737,35.41
20120529,600270.XSHG,外运发展,8.10,2800,7.65,22680,1265.46,5.14
20120529,000900.XSHE,现代投资,15.18,1900,13.10,28842,3944.97631579,43.07
20120530,600219.XSHG,南山铝业,7.52,3900,7.15,29328,1458.23459459,53.35
20120530,600626.XSHG,申达股份,4.12,7000,3.80,28840,2209.36894737,35.41
20120530,600270.XSHG,外运发展,8.10,2800,7.65,22680,1265.46,5.14
20120530,000900.XSHE,现代投资,15.40,1900,13.10,29260,4362.97631579,43.07
20120531,600219.XSHG,南山铝业,7.49,3900,7.15,29211,1341.23459459,53.35
20120531,600626.XSHG,申达股份,4.08,7000,3.80,28560,1929.36894737,35.41
20120531,600270.XSHG,外运发展,8.14,2800,7.65,22792,1377.46,5.14
20120531,000900.XSHE,现代投资,15.41,1900,13.10,29279,4381.97631579,43.07
20120601,600219.XSHG,南山铝业,7.49,3900,7.15,29211,1341.23459459,53.35
20120601,600626.XSHG,申达股份,4.06,7000,3.80,28420,1789.36894737,35.41
20120601,600270.XSHG,外运发展,8.02,2800,7.65,22456,1041.46,5.14
20120601,000900.XSHE,现代投资,15.34,1900,13.10,29146,4248.97631579,43.07
20120604,600219.XSHG,南山铝业,7.49,3900,7.15,29211,1341.23459459,53.35
20120604,000089.XSHE,深圳机场,4.28,3200,4.29,13696,-36.32,5.00
20120604,600626.XSHG,申达股份,3.92,0,3.80,0,0,69.18
20120604,600270.XSHG,外运发展,7.69,2800,7.65,21532,117.46,5.14
20120604,000900.XSHE,现代投资,14.76,0,13.10,0,0,77.71
20120604,000926.XSHE,福星股份,9.73,5300,9.79,51569,-311.11,12.45
20120605,600219.XSHG,南山铝业,7.21,0,7.15,0,0,88.04
20120605,000089.XSHE,深圳机场,4.29,3600,4.29,15444,-4.86,10.00
20120605,600270.XSHG,外运发展,7.76,2800,7.65,21728,313.46,5.14
20120605,000926.XSHE,福星股份,9.83,3900,9.79,38337,161.07,31.14
20120606,000089.XSHE,深圳机场,4.25,3600,4.29,15300,-148.86,10.00
20120606,600270.XSHG,外运发展,7.71,2100,7.65,16191,130.095,15.50
20120606,000926.XSHE,福星股份,9.71,5800,9.75,56318,-208.225,36.14
20120607,000089.XSHE,深圳机场,4.21,6200,4.27,26102,-373.72,15.00
20120607,600270.XSHG,外运发展,7.48,0,7.65,0,0,36.24
20120607,000926.XSHE,福星股份,9.71,5800,9.75,56318,-208.225,36.14
20120608,000089.XSHE,深圳机场,4.21,6500,4.27,27365,-380.035,20.00
20120608,600270.XSHG,外运发展,7.31,800,7.35,5848,-29.24,5.00
20120608,000926.XSHE,福星股份,9.85,3900,9.75,38415,405.98663793,59.78
20120611,000089.XSHE,深圳机场,4.25,6500,4.27,27625,-120.035,20.00
20120611,600270.XSHG,外运发展,7.61,5000,7.61,38050,8.74,12.72
20120611,000926.XSHE,福星股份,10.18,3800,9.75,38684,1649.57672414,65.80
20120612,000089.XSHE,深圳机场,4.21,6500,4.27,27365,-380.035,20.00
20120612,600270.XSHG,外运发展,7.54,5000,7.61,37700,-341.26,12.72
20120612,000926.XSHE,福星股份,10.49,3700,9.75,38813,2753.16681034,71.85
20120613,000089.XSHE,深圳机场,4.25,8200,4.27,34850,-156.16,25.00
20120613,600270.XSHG,外运发展,7.47,5100,7.41,38097,307.015,17.72
20120613,000926.XSHE,福星股份,10.50,3700,9.75,38850,2790.16681034,71.85
20120614,000089.XSHE,深圳机场,4.24,8900,4.27,37736,-253,30.00
20120614,600270.XSHG,外运发展,7.20,5200,7.41,37440,-1076.6,22.72
20120614,000926.XSHE,福星股份,10.36,3700,9.75,38332,2272.16681034,71.85
20120615,000089.XSHE,深圳机场,4.19,8900,4.21,37291,-199.6,30.00
20120615,600270.XSHG,外运发展,7.24,5200,7.41,37648,-868.6,22.72
20120615,000926.XSHE,福星股份,9.96,3700,9.75,36852,792.16681034,71.85
20120618,000089.XSHE,深圳机场,4.20,8900,4.21,37380,-110.6,30.00
20120618,600270.XSHG,外运发展,7.42,5200,7.41,38584,67.4,22.72
20120618,000926.XSHE,福星股份,9.89,3800,9.75,37582,535.25681034,76.85
20120619,000089.XSHE,深圳机场,4.21,8900,4.21,37469,-21.6,30.00
20120619,600270.XSHG,外运发展,7.41,5200,7.41,38532,15.4,22.72
20120619,000926.XSHE,福星股份,9.62,3800,9.75,36556,-490.74318966,76.85
20120620,000089.XSHE,深圳机场,4.21,8900,4.21,37469,-21.6,30.00
20120620,600270.XSHG,外运发展,7.42,5100,7.41,37842,66.10384615,28.46
20120620,000926.XSHE,福星股份,9.53,3900,9.74,37167,-837.50818966,81.85
20120621,000089.XSHE,深圳机场,4.17,8900,4.21,37113,-377.6,30.00
20120621,600270.XSHG,外运发展,7.31,5100,7.41,37281,-494.89615385,28.46
20120621,000926.XSHE,福星股份,9.71,3900,9.74,37869,-135.50818966,81.85
20120625,000089.XSHE,深圳机场,4.10,8900,4.21,36490,-1000.6,30.00
20120625,600270.XSHG,外运发展,7.12,5100,7.41,36312,-1463.89615385,28.46
20120625,000926.XSHE,福星股份,9.29,3900,9.74,36231,-1773.50818966,81.85
20120626,000089.XSHE,深圳机场,4.12,8900,4.21,36668,-822.6,30.00
20120626,600270.XSHG,外运发展,7.23,5100,7.41,36873,-902.89615385,28.46
20120626,000926.XSHE,福星股份,9.37,3900,9.74,36543,-1461.50818966,81.85
20120627,000089.XSHE,深圳机场,4.11,8900,4.21,36579,-911.6,30.00
20120627,600270.XSHG,外运发展,7.20,5100,7.41,36720,-1055.89615385,28.46
20120627,000926.XSHE,福星股份,9.48,3900,9.74,36972,-1032.50818966,81.85
20120628,000089.XSHE,深圳机场,4.06,6700,4.21,27202,-1021.26067416,43.91
20120628,600987.XSHG,航民股份,5.65,900,5.74,5085,-79.695,5.00
20120628,600270.XSHG,外运发展,7.09,3900,7.41,27651,-1236.45,41.95
20120628,000926.XSHE,福星股份,9.30,3000,9.74,27900,-1334.23706897,95.17
20120629,000089.XSHE,深圳机场,4.09,6700,4.21,27403,-820.26067416,43.91
20120629,600987.XSHG,航民股份,5.77,1500,5.75,8655,23.055,10.00
20120629,600270.XSHG,外运发展,7.12,3900,7.41,27768,-1119.45,41.95
20120629,000926.XSHE,福星股份,9.34,3000,9.74,28020,-1214.23706897,95.17
20120702,000089.XSHE,深圳机场,4.07,6700,4.21,27269,-954.26067416,43.91
20120702,600987.XSHG,航民股份,5.81,3600,5.77,20916,148.68,15.00
20120702,600270.XSHG,外运发展,7.28,3800,7.41,27664,-482.74615385,47.67
20120702,000926.XSHE,福星股份,9.23,3000,9.64,27690,-1244.23706897,95.17
20120703,000089.XSHE,深圳机场,4.09,6800,4.21,27812,-822.30567416,48.91
20120703,600987.XSHG,航民股份,5.91,3400,5.77,20094,480.42,21.17
20120703,600270.XSHG,外运发展,7.30,4300,7.40,31390,-424.99615385,52.67
20120703,000926.XSHE,福星股份,9.36,3900,9.59,36504,-905.40206897,100.17
20120704,000089.XSHE,深圳机场,4.08,6800,4.21,27744,-890.30567416,48.91
20120704,600987.XSHG,航民股份,5.88,2900,5.77,17052,322.77,29.10
20120704,600270.XSHG,外运发展,7.32,4700,7.40,34404,-357.65615385,57.67
20120704,000926.XSHE,福星股份,9.10,3900,9.59,35490,-1919.40206897,100.17
20120705,000089.XSHE,深圳机场,4.01,6800,4.21,27268,-1366.30567416,48.91
20120705,600987.XSHG,航民股份,5.74,2700,5.77,15498,-77.49,35.24
20120705,600270.XSHG,外运发展,7.18,4700,7.40,33746,-1015.65615385,57.67
20120705,000926.XSHE,福星股份,8.92,4000,9.58,35680,-2623.85206897,105.17
20120706,000089.XSHE,深圳机场,4.04,6800,4.21,27472,-1162.30567416,48.91
20120706,600987.XSHG,航民股份,5.87,2700,5.77,15849,273.51,35.24
20120706,600270.XSHG,外运发展,7.21,4000,7.40,28840,-744.38821604,67.69
20120706,000926.XSHE,福星股份,9.15,3000,9.58,27450,-1277.88905172,119.28
20120709,000089.XSHE,深圳机场,3.99,6800,4.21,27132,-1502.30567416,48.91
20120709,600987.XSHG,航民股份,5.70,0,5.77,0,0,55.58
20120709,600270.XSHG,外运发展,7.09,4900,7.35,34741,-1265.33821604,72.69
20120709,000926.XSHE,福星股份,8.79,4000,9.40,35160,-2452.08905172,124.28
20120710,601222.XSHG,林洋能源,8.80,100,8.87,880,-7.415,5.00
20120710,000089.XSHE,深圳机场,4.01,6800,4.21,27268,-1366.30567416,48.91
20120710,600987.XSHG,航民股份,5.77,600,5.80,3462,-17.31,5.00
20120710,600270.XSHG,外运发展,7.14,3000,7.35,21420,-624.69686696,91.15
20120710,000926.XSHE,福星股份,8.39,3000,9.40,25170,-3039.06678879,137.65
20120711,601222.XSHG,林洋能源,8.85,2900,8.90,25665,-154.455,10.98
20120711,000089.XSHE,深圳机场,4.04,6500,4.21,26260,-1111.02748265,55.11
20120711,600987.XSHG,航民股份,5.76,600,5.80,3456,-23.31,5.00
20120711,600270.XSHG,外运发展,7.15,3000,7.35,21450,-594.69686696,91.15
20120711,000926.XSHE,福星股份,8.42,3100,9.37,26102,-2948.25178879,142.65
20120712,601222.XSHG,林洋能源,9.11,2900,8.90,26419,599.545,10.98
20120712,000089.XSHE,深圳机场,4.05,6500,4.21,26325,-1046.02748265,55.11
20120712,600987.XSHG,航民股份,5.79,0,5.80,0,0,13.48
20120712,600270.XSHG,外运发展,7.15,3700,7.32,26455,-619.72186696,96.15
20120712,000926.XSHE,福星股份,8.67,3100,9.37,26877,-2173.25178879,142.65
20120713,601222.XSHG,林洋能源,9.34,2400,8.90,22416,1048.17517241,20.65
20120713,000089.XSHE,深圳机场,4.05,6500,4.21,26325,-1046.02748265,55.11
20120713,600270.XSHG,外运发展,6.91,3900,7.30,26949,-1526.69186696,101.15
20120713,000926.XSHE,福星股份,8.47,4100,9.17,34727,-2855.70178879,147.65
20120716,601222.XSHG,林洋能源,9.12,2200,8.90,20064,476.82724138,27.45
20120716,000089.XSHE,深圳机场,3.98,6400,4.21,25472,-1477.93475215,60.51
20120716,600987.XSHG,航民股份,5.40,400,5.42,2160,-6.78,5.00
20120716,600270.XSHG,外运发展,6.22,4000,7.28,24880,-4220.80186696,106.15
20120716,000926.XSHE,福星股份,8.26,3100,9.17,25606,-2810.18915738,160.80
20120717,601222.XSHG,林洋能源,10.03,0,8.90,0,0,54.67
20120717,000089.XSHE,深圳机场,4.00,6400,4.21,25600,-1349.93475215,60.51
20120717,600987.XSHG,航民股份,5.41,1400,5.43,7574,-29.83,10.00
20120717,600270.XSHG,外运发展,6.20,4100,7.25,25420,-4299.88186696,111.15
20120717,000926.XSHE,福星股份,8.33,3100,9.17,25823,-2593.18915738,160.80
20120718,000089.XSHE,深圳机场,4.01,6400,4.21,25664,-1285.93475215,60.51
20120718,600987.XSHG,航民股份,5.44,4700,5.44,25568,-11.26,15.00
20120718,600270.XSHG,外运发展,6.26,4100,7.25,25666,-4053.88186696,111.15
20120718,000926.XSHE,福星股份,8.12,3100,9.17,25172,-3244.18915738,160.80
20120719,000089.XSHE,深圳机场,4.04,6400,4.21,25856,-1093.93475215,60.51
20120719,600987.XSHG,航民股份,5.51,4700,5.44,25897,317.74,15.00
20120719,600270.XSHG,外运发展,6.31,4100,7.25,25871,-3848.88186696,111.15
20120719,000926.XSHE,福星股份,8.12,3100,9.17,25172,-3244.18915738,160.80
20120720,000089.XSHE,深圳机场,4.01,6400,4.21,25664,-1285.93475215,60.51
20120720,600987.XSHG,航民股份,5.51,4700,5.44,25897,317.74,15.00
20120720,600270.XSHG,外运发展,6.30,4100,7.25,25830,-3889.88186696,111.15
20120720,000926.XSHE,福星股份,7.94,3200,9.13,25408,-3808.16915738,165.80
20120723,000089.XSHE,深圳机场,3.98,6400,4.21,25472,-1477.93475215,60.51
20120723,600987.XSHG,航民股份,5.44,4700,5.44,25568,-11.26,15.00
20120723,600270.XSHG,外运发展,6.17,4100,7.25,25297,-4422.88186696,111.15
20120723,000926.XSHE,福星股份,7.91,3200,9.13,25312,-3904.16915738,165.80
20120724,000089.XSHE,深圳机场,3.99,6400,4.21,25536,-1413.93475215,60.51
20120724,600987.XSHG,航民股份,5.52,4700,5.44,25944,364.74,15.00
20120724,600270.XSHG,外运发展,6.29,4100,7.25,25789,-3930.88186696,111.15
20120724,000926.XSHE,福星股份,8.01,3200,9.13,25632,-3584.16915738,165.80
20120725,000089.XSHE,深圳机场,3.98,6400,4.21,25472,-1477.93475215,60.51
20120725,600987.XSHG,航民股份,5.46,4700,5.44,25662,82.74,15.00
20120725,600270.XSHG,外运发展,6.18,4100,7.25,25338,-4381.88186696,111.15
20120725,000926.XSHE,福星股份,8.00,3200,9.13,25600,-3616.16915738,165.80
20120726,000089.XSHE,深圳机场,3.96,6400,4.21,25344,-1605.93475215,60.51
20120726,600987.XSHG,航民股份,5.41,4700,5.44,25427,-152.26,15.00
20120726,600270.XSHG,外运发展,6.14,4100,7.25,25174,-4545.88186696,111.15
20120726,000926.XSHE,福星股份,7.89,3200,9.13,25248,-3968.16915738,165.80
20120727,000089.XSHE,深圳机场,3.97,6400,4.21,25408,-1541.93475215,60.51
20120727,600987.XSHG,航民股份,5.43,4700,5.44,25521,-58.26,15.00
20120727,600270.XSHG,外运发展,6.23,4100,7.25,25543,-4176.88186696,111.15
20120727,000926.XSHE,福星股份,7.80,3200,9.13,24960,-4256.16915738,165.80
20120730,000089.XSHE,深圳机场,3.99,6300,4.21,25137,-1391.84202165,65.90
20120730,600987.XSHG,航民股份,5.37,4700,5.44,25239,-340.26,15.00
20120730,600270.XSHG,外运发展,6.28,4100,7.25,25748,-3971.88186696,111.15
20120730,000926.XSHE,福星股份,7.57,3300,9.08,24981,-4994.94915738,170.80
20120731,000089.XSHE,深圳机场,3.96,6300,4.21,24948,-1580.84202165,65.90
20120731,600987.XSHG,航民股份,5.29,4700,5.44,24863,-716.26,15.00
20120731,600270.XSHG,外运发展,6.28,4000,7.25,25120,-3875.00669948,116.77
20120731,000926.XSHE,福星股份,7.44,3300,9.08,24552,-5423.94915738,170.80
20120801,000089.XSHE,深圳机场,3.98,6300,4.21,25074,-1454.84202165,65.90
20120801,600987.XSHG,航民股份,5.44,4700,5.44,25568,-11.26,15.00
20120801,600270.XSHG,外运发展,6.47,4000,7.25,25880,-3115.00669948,116.77
20120801,000926.XSHE,福星股份,7.51,3300,9.08,24783,-5192.94915738,170.80
20120802,000089.XSHE,深圳机场,3.97,6300,4.21,25011,-1517.84202165,65.90
20120802,600987.XSHG,航民股份,5.37,4700,5.44,25239,-340.26,15.00
20120802,600270.XSHG,外运发展,6.47,3900,7.25,25233,-3037.13153199,122.41
20120802,000926.XSHE,福星股份,7.14,3400,9.03,24276,-6420.53415738,175.80
20120803,000089.XSHE,深圳机场,4.01,6300,4.21,25263,-1265.84202165,65.90
20120803,600987.XSHG,航民股份,5.48,4600,5.44,25208,172.97957447,20.54
20120803,600270.XSHG,外运发展,6.52,3900,7.25,25428,-2842.13153199,122.41
20120803,000926.XSHE,福星股份,7.26,3400,9.03,24684,-6012.53415738,175.80
20120806,000089.XSHE,深圳机场,4.05,6300,4.21,25515,-1013.84202165,65.90
20120806,600987.XSHG,航民股份,5.59,4600,5.44,25714,678.97957447,20.54
20120806,600270.XSHG,外运发展,6.60,3900,7.25,25740,-2530.13153199,122.41
20120806,000926.XSHE,福星股份,7.47,3400,9.03,25398,-5298.53415738,175.80
20120807,000089.XSHE,深圳机场,4.07,6300,4.21,25641,-887.84202165,65.90
20120807,600987.XSHG,航民股份,5.59,4600,5.44,25714,678.97957447,20.54
20120807,600270.XSHG,外运发展,6.70,3900,7.25,26130,-2140.13153199,122.41
20120807,000926.XSHE,福星股份,7.71,3400,9.03,26214,-4482.53415738,175.80
20120808,000089.XSHE,深圳机场,4.05,6300,4.21,25515,-1013.84202165,65.90
20120808,600987.XSHG,航民股份,5.58,4600,5.44,25668,632.97957447,20.54
20120808,600270.XSHG,外运发展,6.62,3900,7.25,25818,-2452.13153199,122.41
20120808,000926.XSHE,福星股份,7.66,3400,9.03,26044,-4652.53415738,175.80
20120809,000089.XSHE,深圳机场,4.06,6400,4.21,25984,-952.87202165,70.90
20120809,600987.XSHG,航民股份,5.71,4600,5.44,26266,1230.97957447,20.54
20120809,600270.XSHG,外运发展,6.70,3900,7.25,26130,-2140.13153199,122.41
20120809,000926.XSHE,福星股份,7.76,3400,9.03,26384,-4312.53415738,175.80
20120810,000089.XSHE,深圳机场,4.02,6400,4.21,25728,-1208.87202165,70.90
20120810,600987.XSHG,航民股份,5.96,4600,5.44,27416,2380.97957447,20.54
20120810,600270.XSHG,外运发展,6.69,3900,7.25,26091,-2179.13153199,122.41
20120810,000926.XSHE,福星股份,7.71,3400,9.03,26214,-4482.53415738,175.80
20120813,000089.XSHE,深圳机场,3.98,8500,4.16,33830,-1527.76702165,75.90
20120813,600987.XSHG,航民股份,5.75,0,5.44,0,0,53.24
20120813,600270.XSHG,外运发展,6.56,3900,7.25,25584,-2686.13153199,122.41
20120813,000926.XSHE,福星股份,7.44,4500,8.65,33480,-5441.45415738,180.80
20120814,600539.XSHG,狮头股份,4.00,3700,4.00,14800,0.37,5.00
20120814,000089.XSHE,深圳机场,4.00,6500,4.16,26000,-1038.29242832,88.84
20120814,600270.XSHG,外运发展,6.55,3900,7.25,25545,-2725.13153199,122.41
20120814,000926.XSHE,福星股份,7.54,3500,8.65,26390,-3882.24212241,193.32
20120815,600539.XSHG,狮头股份,3.95,1200,4.00,4740,-59.88,19.85
20120815,000089.XSHE,深圳机场,3.97,8600,4.12,34142,-1274.97742832,93.84
20120815,600270.XSHG,外运发展,6.60,5100,7.10,33660,-2557.67153199,127.41
20120815,000926.XSHE,福星股份,7.54,4500,8.41,33930,-3909.89212241,198.32
20120816,000594.XSHE,国恒退,2.37,200,2.38,474,-2.37,5.00
20120816,600539.XSHG,狮头股份,4.02,1400,4.00,5628,24.12,24.85
20120816,000089.XSHE,深圳机场,3.98,8500,4.12,33830,-1175.15210938,99.24
20120816,600270.XSHG,外运发展,6.55,3900,7.10,25545,-2150.86646564,140.24
20120816,000926.XSHE,福星股份,7.54,3600,8.41,27144,-3127.91369793,210.08
20120817,000594.XSHE,国恒退,2.38,8900,2.39,21182,-103.9,10.00
20120817,600539.XSHG,狮头股份,4.09,0,4.00,0,0,35.55
20120817,000089.XSHE,深圳机场,3.99,6500,4.12,25935,-833.6457307,112.18
20120817,600270.XSHG,外运发展,6.43,3900,7.10,25077,-2618.86646564,140.24
20120817,000926.XSHE,福星股份,7.58,3400,8.41,25772,-2818.14071471,216.58
20120820,000594.XSHE,国恒退,2.36,9500,2.39,22420,-288.98,15.00
20120820,000089.XSHE,深圳机场,3.99,6400,4.12,25536,-820.82041177,117.57
20120820,600270.XSHG,外运发展,6.53,3900,7.10,25467,-2228.86646564,140.24
20120820,000926.XSHE,福星股份,7.52,3400,8.41,25568,-3022.14071471,216.58
20120821,000594.XSHE,国恒退,2.39,10700,2.39,25573,-6.26,20.00
20120821,000089.XSHE,深圳机场,4.00,6400,4.12,25600,-756.82041177,117.57
20120821,600270.XSHG,外运发展,6.74,3900,7.10,26286,-1409.86646564,140.24
20120821,000926.XSHE,福星股份,7.55,3400,8.41,25670,-2920.14071471,216.58
20120822,000594.XSHE,国恒退,2.34,10800,2.39,25272,-542.43,25.00
20120822,000089.XSHE,深圳机场,3.96,6400,4.12,25344,-1012.82041177,117.57
20120822,600270.XSHG,外运发展,6.59,3900,7.10,25701,-1994.86646564,140.24
20120822,000926.XSHE,福星股份,7.40,3400,8.41,25160,-3430.14071471,216.58
20120823,000594.XSHE,国恒退,2.35,10900,2.39,25615,-434.6,30.00
20120823,000089.XSHE,深圳机场,3.98,6400,4.12,25472,-884.82041177,117.57
20120823,600270.XSHG,外运发展,6.73,3900,7.10,26247,-1448.86646564,140.24
20120823,000926.XSHE,福星股份,7.51,3400,8.41,25534,-3056.14071471,216.58
20120824,000594.XSHE,国恒退,2.23,11200,2.39,24976,-1745.945,35.00
20120824,000089.XSHE,深圳机场,3.95,6400,4.12,25280,-1076.82041177,117.57
20120824,600270.XSHG,外运发展,6.66,3800,7.10,25308,-1677.71604344,145.91
20120824,000926.XSHE,福星股份,7.38,3400,8.41,25092,-3498.14071471,216.58
20120827,000594.XSHE,国恒退,2.13,11400,2.38,24282,-2872.095,40.00
20120827,000089.XSHE,深圳机场,3.88,6400,4.12,24832,-1524.82041177,117.57
20120827,600270.XSHG,外运发展,6.48,3800,7.10,24624,-2361.71604344,145.91
20120827,000926.XSHE,福星股份,7.27,3400,8.41,24718,-3872.14071471,216.58
20120828,000594.XSHE,国恒退,2.16,9200,2.38,19872,-2041.83105263,49.73
20120828,601799.XSHG,星宇股份,10.28,200,10.33,2056,-10.28,5.00
20120828,000089.XSHE,深圳机场,3.89,6000,4.12,23340,-1369.51913604,124.13
20120828,000926.XSHE,福星股份,7.31,2700,8.41,19737,-2966.93527344,226.66
20120828,600270.XSHG,外运发展,6.51,3100,7.10,20181,-1833.66308807,155.43
20120829,000594.XSHE,国恒退,2.13,9200,2.38,19596,-2317.83105263,49.73
20120829,601799.XSHG,星宇股份,10.32,1000,10.38,10320,-59.64,10.00
20120829,000089.XSHE,深圳机场,3.90,6000,4.12,23400,-1309.51913604,124.13
20120829,000926.XSHE,福星股份,7.26,2700,8.41,19602,-3101.93527344,226.66
20120829,600270.XSHG,外运发展,6.31,3100,7.10,19561,-2453.66308807,155.43
20120830,000594.XSHE,国恒退,2.10,9200,2.38,19320,-2593.83105263,49.73
20120830,601799.XSHG,星宇股份,10.18,1800,10.33,18324,-264.48,15.00
20120830,000089.XSHE,深圳机场,3.84,4300,4.12,16512,-1196.48871416,135.62
20120830,000926.XSHE,福星股份,7.26,2700,8.41,19602,-3101.93527344,226.66
20120830,600270.XSHG,外运发展,6.13,3100,7.10,19003,-3011.66308807,155.43
20120830,002485.XSHE,希努尔,8.75,300,8.82,2625,-22.17,5.00
20120831,000594.XSHE,国恒退,2.11,9100,2.38,19201,-2474.63723684,54.94
20120831,600684.XSHG,珠江实业,5.93,2500,5.97,14825,-99.25,5.00
20120831,601799.XSHG,星宇股份,10.34,1800,10.33,18612,23.52,15.00
20120831,000089.XSHE,深圳机场,3.84,3300,4.12,12672,-918.23552482,144.44
20120831,000926.XSHE,福星股份,7.36,2700,8.41,19872,-2831.93527344,226.66
20120831,600270.XSHG,外运发展,6.10,2200,7.10,13420,-2203.30928831,165.90
20120831,002485.XSHE,希努尔,8.70,300,8.82,2610,-37.17,5.00
20120903,000594.XSHE,国恒退,2.14,9100,2.38,19474,-2201.63723684,54.94
20120903,600684.XSHG,珠江实业,6.04,2300,5.97,13892,161.69,11.20
20120903,601799.XSHG,星宇股份,10.56,1800,10.33,19008,419.52,15.00
20120903,000089.XSHE,深圳机场,3.86,3300,4.12,12738,-852.23552482,144.44
20120903,000926.XSHE,福星股份,7.60,2600,8.41,19760,-2103.04878184,232.42
20120903,600270.XSHG,外运发展,6.19,2500,7.00,15475,-2014.59428831,170.90
20120903,002485.XSHE,希努尔,8.79,300,8.82,2637,-10.17,5.00
20120904,000594.XSHE,国恒退,2.10,9100,2.38,19110,-2565.63723684,54.94
20120904,600684.XSHG,珠江实业,6.00,0,5.97,0,0,29.86
20120904,601799.XSHG,星宇股份,10.31,1800,10.33,18558,-30.48,15.00
20120904,000089.XSHE,深圳机场,3.79,0,4.12,0,0,161.85
20120904,000926.XSHE,福星股份,7.47,2600,8.41,19422,-2441.04878184,232.42
20120904,600270.XSHG,外运发展,6.11,3100,6.83,18941,-2226.89428831,175.90
20120904,002485.XSHE,希努尔,8.65,700,8.74,6055,-61.43,10.00
20120905,000594.XSHE,国恒退,2.14,9100,2.38,19474,-2201.63723684,54.94
20120905,601799.XSHG,星宇股份,10.46,1800,10.33,18828,239.52,15.00
20120905,000926.XSHE,福星股份,7.51,2600,8.41,19526,-2337.04878184,232.42
20120905,600270.XSHG,外运发展,6.21,3100,6.83,19251,-1916.89428831,175.90
20120905,002485.XSHE,希努尔,8.73,1900,8.74,16587,-9.57,15.00
20120906,000594.XSHE,国恒退,2.20,9000,2.38,19800,-1637.44342105,60.16
20120906,601799.XSHG,星宇股份,10.73,1800,10.33,19314,725.52,15.00
20120906,000926.XSHE,福星股份,7.53,2600,8.41,19578,-2285.04878184,232.42
20120906,600270.XSHG,外运发展,6.29,3100,6.83,19499,-1668.89428831,175.90
20120906,002485.XSHE,希努尔,8.89,2200,8.76,19558,281.095,20.00
20120907,000594.XSHE,国恒退,2.30,9000,2.38,20700,-737.44342105,60.16
20120907,601799.XSHG,星宇股份,10.94,1800,10.33,19692,1103.52,15.00
20120907,000926.XSHE,福星股份,7.76,2600,8.41,20176,-1687.04878184,232.42
20120907,600270.XSHG,外运发展,6.48,3100,6.83,20088,-1079.89428831,175.90
20120907,002485.XSHE,希努尔,9.23,2200,8.76,20306,1029.095,20.00
20120910,000594.XSHE,国恒退,2.28,9000,2.38,20520,-917.44342105,60.16
20120910,601799.XSHG,星宇股份,10.90,1800,10.33,19620,1031.52,15.00
20120910,000926.XSHE,福星股份,7.82,2600,8.41,20332,-1531.04878184,232.42
20120910,600270.XSHG,外运发展,6.50,3100,6.83,20150,-1017.89428831,175.90
20120910,002485.XSHE,希努尔,9.38,2200,8.76,20636,1359.095,20.00
20120911,000594.XSHE,国恒退,2.27,14900,2.34,33823,-1015.11342105,65.16
20120911,601799.XSHG,星宇股份,10.89,1700,10.33,18513,957.21333333,21.08
20120911,000926.XSHE,福星股份,7.75,2600,8.41,20150,-1713.04878184,232.42
20120911,600270.XSHG,外运发展,6.43,3100,6.83,19933,-1234.89428831,175.90
20120911,002485.XSHE,希努尔,9.29,1500,8.76,13935,791.65568182,31.48
20120912,000594.XSHE,国恒退,2.28,14900,2.34,33972,-866.11342105,65.16
20120912,601799.XSHG,星宇股份,10.98,800,10.33,8784,522.45333333,35.91
20120912,000926.XSHE,福星股份,7.99,4200,8.26,33558,-1120.80878184,237.42
20120912,600270.XSHG,外运发展,6.46,3100,6.83,20026,-1141.89428831,175.90
20120912,002485.XSHE,希努尔,9.33,1000,8.76,9330,567.77045455,41.11
20120913,000594.XSHE,国恒退,2.22,15000,2.34,33300,-1763.23342105,70.16
20120913,601799.XSHG,星宇股份,10.68,600,10.33,6408,211.84,43.07
20120913,000926.XSHE,福星股份,7.85,4200,8.26,32970,-1708.80878184,237.42
20120913,600270.XSHG,外运发展,6.47,4100,6.76,26527,-1183.44428831,180.90
20120913,002485.XSHE,希努尔,9.20,0,8.76,0,0,55.32
20120914,000594.XSHE,国恒退,2.25,11300,2.34,25425,-989.30251053,83.40
20120914,601799.XSHG,星宇股份,10.99,1100,10.61,12089,415.59,48.07
20120914,000926.XSHE,福星股份,7.82,3300,8.26,25806,-1441.63547144,249.43
20120914,600270.XSHG,外运发展,6.42,4000,6.76,25680,-1354.57979347,186.54
20120917,000594.XSHE,国恒退,2.16,14900,2.30,32184,-2081.36251053,88.40
20120917,601799.XSHG,星宇股份,10.65,100,10.61,1065,3.78090909,63.77
20120917,000926.XSHE,福星股份,7.45,4300,8.08,32035,-2699.88547144,254.43
20120917,600270.XSHG,外运发展,6.14,4800,6.66,29472,-2499.13979347,191.54
20120918,000594.XSHE,国恒退,2.16,11700,2.30,25272,-1634.35848142,100.25
20120918,601799.XSHG,星宇股份,10.69,700,10.73,7483,-30.31909091,68.77
20120918,000926.XSHE,福星股份,7.40,2900,8.08,21460,-1965.85299237,269.74
20120918,600270.XSHG,外运发展,6.18,3200,6.66,19776,-1538.09319565,206.35
20120919,000594.XSHE,国恒退,2.17,10800,2.30,23436,-1400.63859823,107.19
20120919,601799.XSHG,星宇股份,10.80,700,10.73,7560,46.68090909,68.77
20120919,000926.XSHE,福星股份,7.31,2700,8.08,19737,-2073.27692393,276.20
20120919,600270.XSHG,外运发展,6.18,3200,6.66,19776,-1538.09319565,206.35
20120919,002485.XSHE,希努尔,8.81,200,8.87,1762,-12.83,5.00
20120920,000594.XSHE,国恒退,2.11,9000,2.30,18990,-1707.19883186,115.95
20120920,601799.XSHG,星宇股份,10.40,0,10.73,0,0,81.02
20120920,000926.XSHE,福星股份,7.04,2700,8.08,19008,-2802.27692393,276.20
20120920,600009.XSHG,上海机场,11.49,1600,11.54,18384,-75.84,5.00
20120920,600270.XSHG,外运发展,5.99,3200,6.66,19168,-2146.09319565,206.35
20120920,002485.XSHE,希努尔,8.46,2200,8.55,18612,-187.53,10.00
20120921,000594.XSHE,国恒退,2.11,8900,2.30,18779,-1688.22995595,121.16
20120921,601799.XSHG,星宇股份,10.10,1800,10.32,18180,-398.43,5.00
20120921,000926.XSHE,福星股份,6.95,2700,8.08,18765,-3045.27692393,276.20
20120921,600009.XSHG,上海机场,11.48,0,11.54,0,0,28.29
20120921,600270.XSHG,外运发展,5.97,3200,6.66,19104,-2210.09319565,206.35
20120921,002485.XSHE,希努尔,8.37,2200,8.55,18414,-385.53,10.00
20120924,000594.XSHE,国恒退,2.15,8700,2.30,18705,-1302.29220413,126.59
20120924,601799.XSHG,星宇股份,10.13,1800,10.32,18234,-344.43,5.00
20120924,601518.XSHG,吉林高速,2.35,2000,2.36,4700,-23.5,5.00
20120924,000926.XSHE,福星股份,6.94,2700,8.08,18738,-3072.27692393,276.20
20120924,600270.XSHG,外运发展,6.00,3200,6.66,19200,-2114.09319565,206.35
20120924,002485.XSHE,希努尔,8.27,2200,8.55,18194,-605.53,10.00
20120925,000594.XSHE,国恒退,2.11,8700,2.30,18357,-1650.29220413,126.59
20120925,601799.XSHG,星宇股份,10.00,1800,10.32,18000,-578.43,5.00
20120925,601518.XSHG,吉林高速,2.36,2000,2.36,4720,-3.5,5.00
20120925,000926.XSHE,福星股份,6.99,2700,8.08,18873,-2937.27692393,276.20
20120925,600270.XSHG,外运发展,5.90,2500,6.66,14750,-1901.6353091,215.46
20120925,002485.XSHE,希努尔,8.16,2200,8.55,17952,-847.53,10.00
20120926,000594.XSHE,国恒退,2.12,8700,2.30,18444,-1563.29220413,126.59
20120926,601799.XSHG,星宇股份,9.80,1800,10.32,17640,-938.43,5.00
20120926,601518.XSHG,吉林高速,2.31,2400,2.36,5544,-108.12,10.00
20120926,000926.XSHE,福星股份,6.85,2700,8.08,18495,-3315.27692393,276.20
20120926,600270.XSHG,外运发展,5.79,0,6.66,0,0,234.86
20120926,002485.XSHE,希努尔,7.97,2200,8.55,17534,-1265.53,10.00
20120927,000594.XSHE,国恒退,2.16,8600,2.30,18576,-1201.32332822,131.81
20120927,600684.XSHG,珠江实业,6.01,500,6.03,3005,-10,5.00
20120927,601799.XSHG,星宇股份,9.97,1800,10.32,17946,-632.43,5.00
20120927,601518.XSHG,吉林高速,2.34,3000,2.36,7020,-49.17,15.00
20120927,000926.XSHE,福星股份,7.07,900,8.08,6363,-907.09230798,293.84
20120927,002485.XSHE,希努尔,8.13,2200,8.55,17886,-913.53,10.00
20120928,000594.XSHE,国恒退,2.18,8600,2.30,18748,-1029.32332822,131.81
20120928,600684.XSHG,珠江实业,6.14,500,6.03,3070,55,5.00
20120928,601799.XSHG,星宇股份,10.19,1800,10.32,18342,-236.43,5.00
20120928,601518.XSHG,吉林高速,2.36,3000,2.36,7080,10.83,15.00
20120928,000926.XSHE,福星股份,7.41,900,8.08,6669,-601.09230798,293.84
20120928,002485.XSHE,希努尔,8.25,2200,8.55,18150,-649.53,10.00
20121008,000594.XSHE,国恒退,2.15,8600,2.30,18490,-1287.32332822,131.81
20121008,600684.XSHG,珠江实业,6.16,500,6.03,3080,65,5.00
20121008,601799.XSHG,星宇股份,10.13,1800,10.32,18234,-344.43,5.00
20121008,601518.XSHG,吉林高速,2.35,3000,2.36,7050,-19.17,15.00
20121008,000926.XSHE,福星股份,7.34,900,8.08,6606,-664.09230798,293.84
20121008,002485.XSHE,希努尔,8.30,2200,8.55,18260,-539.53,10.00
20121009,000594.XSHE,国恒退,2.20,8600,2.30,18920,-857.32332822,131.81
20121009,600684.XSHG,珠江实业,6.35,500,6.03,3175,160,5.00
20121009,601799.XSHG,星宇股份,10.35,1800,10.32,18630,51.57,5.00
20121009,601518.XSHG,吉林高速,2.40,3000,2.36,7200,130.83,15.00
20121009,000926.XSHE,福星股份,7.48,900,8.08,6732,-538.09230798,293.84
20121009,002485.XSHE,希努尔,8.49,2200,8.55,18678,-121.53,10.00
20121010,000594.XSHE,国恒退,2.26,8600,2.30,19436,-341.32332822,131.81
20121010,600684.XSHG,珠江实业,6.37,500,6.03,3185,170,5.00
20121010,601799.XSHG,星宇股份,10.46,1800,10.32,18828,249.57,5.00
20121010,601518.XSHG,吉林高速,2.44,3000,2.36,7320,250.83,15.00
20121010,000926.XSHE,福星股份,7.46,900,8.08,6714,-556.09230798,293.84
20121010,002485.XSHE,希努尔,8.60,2200,8.55,18920,120.47,10.00
20121011,000594.XSHE,国恒退,2.23,8600,2.30,19178,-599.32332822,131.81
20121011,600684.XSHG,珠江实业,6.32,500,6.03,3160,145,5.00
20121011,601799.XSHG,星宇股份,10.17,1800,10.32,18306,-272.43,5.00
20121011,601518.XSHG,吉林高速,2.40,3000,2.36,7200,130.83,15.00
20121011,000926.XSHE,福星股份,7.36,900,8.08,6624,-646.09230798,293.84
20121011,002485.XSHE,希努尔,8.42,2200,8.55,18524,-275.53,10.00
20121012,000594.XSHE,国恒退,2.28,8600,2.30,19608,-169.32332822,131.81
20121012,600684.XSHG,珠江实业,6.33,500,6.03,3165,150,5.00
20121012,601799.XSHG,星宇股份,10.18,1800,10.32,18324,-254.43,5.00
20121012,601518.XSHG,吉林高速,2.39,3000,2.36,7170,100.83,15.00
20121012,000926.XSHE,福星股份,7.32,900,8.08,6588,-682.09230798,293.84
20121012,002485.XSHE,希努尔,8.45,2200,8.55,18590,-209.53,10.00
20121015,000594.XSHE,国恒退,2.26,8600,2.30,19436,-341.32332822,131.81
20121015,600684.XSHG,珠江实业,6.36,500,6.03,3180,165,5.00
20121015,601799.XSHG,星宇股份,10.03,1800,10.32,18054,-524.43,5.00
20121015,601518.XSHG,吉林高速,2.38,3000,2.36,7140,70.83,15.00
20121015,000926.XSHE,福星股份,7.27,900,8.08,6543,-727.09230798,293.84
20121015,002485.XSHE,希努尔,8.43,2200,8.55,18546,-253.53,10.00
20121016,000594.XSHE,国恒退,2.23,8600,2.30,19178,-599.32332822,131.81
20121016,600684.XSHG,珠江实业,6.37,500,6.03,3185,170,5.00
20121016,601799.XSHG,星宇股份,10.00,1800,10.32,18000,-578.43,5.00
20121016,601518.XSHG,吉林高速,2.38,3000,2.36,7140,70.83,15.00
20121016,000926.XSHE,福星股份,7.48,900,8.08,6732,-538.09230798,293.84
20121016,002485.XSHE,希努尔,8.43,2200,8.55,18546,-253.53,10.00
20121017,000594.XSHE,国恒退,2.25,8600,2.30,19350,-427.32332822,131.81
20121017,600684.XSHG,珠江实业,6.40,500,6.03,3200,185,5.00
20121017,601799.XSHG,星宇股份,9.88,1800,10.32,17784,-794.43,5.00
20121017,601518.XSHG,吉林高速,2.38,3000,2.36,7140,70.83,15.00
20121017,000926.XSHE,福星股份,7.41,900,8.08,6669,-601.09230798,293.84
20121017,002485.XSHE,希努尔,8.60,2200,8.55,18920,120.47,10.00
20121018,000594.XSHE,国恒退,2.31,8600,2.30,19866,88.67667178,131.81
20121018,600684.XSHG,珠江实业,6.56,500,6.03,3280,265,5.00
20121018,601799.XSHG,星宇股份,10.10,1800,10.32,18180,-398.43,5.00
20121018,601518.XSHG,吉林高速,2.53,3000,2.36,7590,520.83,15.00
20121018,000926.XSHE,福星股份,7.67,900,8.08,6903,-367.09230798,293.84
20121018,002485.XSHE,希努尔,8.66,2200,8.55,19052,252.47,10.00
20121019,000594.XSHE,国恒退,2.29,8600,2.30,19694,-83.32332822,131.81
20121019,600684.XSHG,珠江实业,6.54,500,6.03,3270,255,5.00
20121019,601799.XSHG,星宇股份,10.08,1800,10.32,18144,-434.43,5.00
20121019,601518.XSHG,吉林高速,2.51,3000,2.36,7530,460.83,15.00
20121019,000926.XSHE,福星股份,7.61,900,8.08,6849,-421.09230798,293.84
20121019,002485.XSHE,希努尔,8.57,2200,8.55,18854,54.47,10.00
20121022,000594.XSHE,国恒退,2.32,8600,2.30,19952,174.67667178,131.81
20121022,600684.XSHG,珠江实业,6.70,500,6.03,3350,335,5.00
20121022,601799.XSHG,星宇股份,10.26,1800,10.32,18468,-110.43,5.00
20121022,601518.XSHG,吉林高速,2.50,3000,2.36,7500,430.83,15.00
20121022,000926.XSHE,福星股份,7.90,900,8.08,7110,-160.09230798,293.84
20121022,002485.XSHE,希努尔,8.56,2200,8.55,18832,32.47,10.00
20121023,000594.XSHE,国恒退,2.31,8600,2.30,19866,88.67667178,131.81
20121023,600684.XSHG,珠江实业,6.78,500,6.03,3390,375,5.00
20121023,601799.XSHG,星宇股份,10.16,1800,10.32,18288,-290.43,5.00
20121023,601518.XSHG,吉林高速,2.52,3000,2.36,7560,490.83,15.00
20121023,000926.XSHE,福星股份,7.96,900,8.08,7164,-106.09230798,293.84
20121023,002485.XSHE,希努尔,8.42,2200,8.55,18524,-275.53,10.00
20121024,000594.XSHE,国恒退,2.44,8600,2.30,20984,1206.67667178,131.81
20121024,600684.XSHG,珠江实业,6.81,500,6.03,3405,390,5.00
20121024,601799.XSHG,星宇股份,10.16,1800,10.32,18288,-290.43,5.00
20121024,601518.XSHG,吉林高速,2.57,3000,2.36,7710,640.83,15.00
20121024,000926.XSHE,福星股份,7.87,900,8.08,7083,-187.09230798,293.84
20121024,002485.XSHE,希努尔,8.35,2200,8.55,18370,-429.53,10.00
20121025,000594.XSHE,国恒退,2.37,8600,2.30,20382,604.67667178,131.81
20121025,600684.XSHG,珠江实业,6.81,500,6.03,3405,390,5.00
20121025,601799.XSHG,星宇股份,10.08,1800,10.32,18144,-434.43,5.00
20121025,601518.XSHG,吉林高速,2.54,3000,2.36,7620,550.83,15.00
20121025,000926.XSHE,福星股份,7.62,900,8.08,6858,-412.09230798,293.84
20121025,002485.XSHE,希努尔,7.93,2200,8.55,17446,-1353.53,10.00
20121026,000594.XSHE,国恒退,2.29,8600,2.30,19694,-83.32332822,131.81
20121026,600684.XSHG,珠江实业,7.49,500,6.03,3745,730,5.00
20121026,601799.XSHG,星宇股份,9.85,1800,10.32,17730,-848.43,5.00
20121026,601518.XSHG,吉林高速,2.50,3000,2.36,7500,430.83,15.00
20121026,000926.XSHE,福星股份,7.55,900,8.08,6795,-475.09230798,293.84
20121026,002485.XSHE,希努尔,7.71,2200,8.55,16962,-1837.53,10.00
20121029,600510.XSHG,黑牡丹,5.69,1300,5.71,7397,-23.92,5.00
20121029,000594.XSHE,国恒退,2.29,0,2.30,0,0,156.40
20121029,600684.XSHG,珠江实业,8.24,500,6.03,4120,1105,5.00
20121029,601799.XSHG,星宇股份,9.83,1900,10.30,18677,-887.335,10.00
20121029,601518.XSHG,吉林高速,2.62,7200,2.51,18864,820.23,20.00
20121029,000926.XSHE,福星股份,7.64,2400,7.82,18336,-421.24230798,298.84
20121029,600284.XSHG,浦东建设,7.22,700,7.24,5054,-11.2,5.00
20121029,002485.XSHE,希努尔,7.70,1900,8.55,14630,-1605.95772727,17.29
20121030,600510.XSHG,黑牡丹,5.75,3200,5.74,18400,37.645,10.00
20121030,600684.XSHG,珠江实业,8.24,500,6.03,4120,1105,5.00
20121030,601799.XSHG,星宇股份,9.81,1900,10.30,18639,-925.335,10.00
20121030,601518.XSHG,吉林高速,2.56,0,2.51,0,0,43.27
20121030,000926.XSHE,福星股份,7.88,400,7.82,3152,25.79294867,319.48
20121030,600284.XSHG,浦东建设,7.29,2500,7.30,18225,-27.81,10.00
20121030,002516.XSHE,旷达科技,7.45,800,7.48,5960,-21.76,5.00
20121030,600270.XSHG,外运发展,5.99,0,0,0,0,0
20121030,002485.XSHE,希努尔,7.72,1200,8.55,9264,-990.28909091,27.66
20121031,600510.XSHG,黑牡丹,5.82,3200,5.74,18624,261.645,10.00
20121031,600684.XSHG,珠江实业,8.68,0,6.03,0,0,14.27
20121031,601799.XSHG,星宇股份,9.83,1900,10.30,18677,-887.335,10.00
20121031,000926.XSHE,福星股份,7.97,2300,7.99,18331,-52.11205133,324.48
20121031,600284.XSHG,浦东建设,7.34,0,7.30,0,0,33.28
20121031,002516.XSHE,旷达科技,7.47,2500,7.49,18675,-52.17,10.00
20121031,600270.XSHG,外运发展,6.59,0,0,0,0,0
20121031,002485.XSHE,希努尔,7.72,1200,8.55,9264,-990.28909091,27.66
20121101,600510.XSHG,黑牡丹,6.06,3200,5.74,19392,1029.645,10.00
20121101,601799.XSHG,星宇股份,9.99,1900,10.30,18981,-583.335,10.00
20121101,000926.XSHE,福星股份,8.29,2300,7.99,19067,683.88794867,324.48
20121101,002516.XSHE,旷达科技,7.51,2500,7.49,18775,47.83,10.00
20121101,002485.XSHE,希努尔,7.83,1200,8.55,9396,-858.28909091,27.66
20121102,600510.XSHG,黑牡丹,6.15,3200,5.74,19680,1317.645,10.00
20121102,601799.XSHG,星宇股份,9.99,1900,10.30,18981,-583.335,10.00
20121102,000926.XSHE,福星股份,8.39,2300,7.99,19297,913.88794867,324.48
20121102,002516.XSHE,旷达科技,7.48,2500,7.49,18700,-27.17,10.00
20121102,002485.XSHE,希努尔,7.85,1200,8.55,9420,-834.28909091,27.66
20121105,600510.XSHG,黑牡丹,6.04,3200,5.74,19328,965.645,10.00
20121105,601799.XSHG,星宇股份,10.13,1900,10.30,19247,-317.335,10.00
20121105,000926.XSHE,福星股份,8.28,2300,7.99,19044,660.88794867,324.48
20121105,002516.XSHE,旷达科技,7.64,2500,7.49,19100,372.83,10.00
20121105,002485.XSHE,希努尔,8.01,1200,8.55,9612,-642.28909091,27.66
20121106,600510.XSHG,黑牡丹,5.97,3200,5.74,19104,741.645,10.00
20121106,601799.XSHG,星宇股份,9.97,1900,10.30,18943,-621.335,10.00
20121106,000926.XSHE,福星股份,8.12,2300,7.99,18676,292.88794867,324.48
20121106,002516.XSHE,旷达科技,7.56,2500,7.49,18900,172.83,10.00
20121106,002485.XSHE,希努尔,8.08,1200,8.55,9696,-558.28909091,27.66
20121107,600510.XSHG,黑牡丹,5.94,3200,5.74,19008,645.645,10.00
20121107,601799.XSHG,星宇股份,9.98,1900,10.30,18962,-602.335,10.00
20121107,000926.XSHE,福星股份,8.02,2300,7.99,18446,62.88794867,324.48
20121107,002516.XSHE,旷达科技,7.53,2500,7.49,18825,97.83,10.00
20121107,002485.XSHE,希努尔,8.02,1200,8.55,9624,-630.28909091,27.66
20121108,600510.XSHG,黑牡丹,5.81,3200,5.74,18592,229.645,10.00
20121108,601799.XSHG,星宇股份,9.79,1900,10.30,18601,-963.335,10.00
20121108,000926.XSHE,福星股份,7.87,2300,7.99,18101,-282.11205133,324.48
20121108,002516.XSHE,旷达科技,7.32,2500,7.49,18300,-427.17,10.00
20121108,002485.XSHE,希努尔,7.88,1200,8.55,9456,-798.28909091,27.66
20121109,600510.XSHG,黑牡丹,5.98,3200,5.74,19136,773.645,10.00
20121109,601799.XSHG,星宇股份,9.80,1900,10.30,18620,-944.335,10.00
20121109,000926.XSHE,福星股份,7.81,2300,7.99,17963,-420.11205133,324.48
20121109,002516.XSHE,旷达科技,7.37,2500,7.49,18425,-302.17,10.00
20121109,002485.XSHE,希努尔,7.65,1200,8.55,9180,-1074.28909091,27.66
20121112,600510.XSHG,黑牡丹,6.11,3200,5.74,19552,1189.645,10.00
20121112,601799.XSHG,星宇股份,9.90,1900,10.30,18810,-754.335,10.00
20121112,000926.XSHE,福星股份,8.03,2300,7.99,18469,85.88794867,324.48
20121112,002516.XSHE,旷达科技,7.57,2500,7.49,18925,197.83,10.00
20121112,002485.XSHE,希努尔,7.68,1200,8.55,9216,-1038.28909091,27.66
20121113,600510.XSHG,黑牡丹,5.85,3200,5.74,18720,357.645,10.00
20121113,601799.XSHG,星宇股份,9.81,1900,10.30,18639,-925.335,10.00
20121113,000926.XSHE,福星股份,7.70,2300,7.99,17710,-673.11205133,324.48
20121113,002516.XSHE,旷达科技,7.66,2500,7.49,19150,422.83,10.00
20121113,002485.XSHE,希努尔,7.52,1200,8.55,9024,-1230.28909091,27.66
20121114,600510.XSHG,黑牡丹,5.94,3200,5.74,19008,645.645,10.00
20121114,601799.XSHG,星宇股份,9.69,1900,10.30,18411,-1153.335,10.00
20121114,000926.XSHE,福星股份,7.51,2300,7.99,17273,-1110.11205133,324.48
20121114,002516.XSHE,旷达科技,7.59,2500,7.49,18975,247.83,10.00
20121114,002485.XSHE,希努尔,7.50,1200,8.55,9000,-1254.28909091,27.66
20121115,600510.XSHG,黑牡丹,5.76,3200,5.74,18432,69.645,10.00
20121115,601799.XSHG,星宇股份,9.51,1900,10.30,18069,-1495.335,10.00
20121115,000926.XSHE,福星股份,7.42,2300,7.99,17066,-1317.11205133,324.48
20121115,002516.XSHE,旷达科技,7.70,2500,7.49,19250,522.83,10.00
20121115,002485.XSHE,希努尔,7.46,1200,8.55,8952,-1302.28909091,27.66
20121116,600510.XSHG,黑牡丹,5.78,400,5.74,2312,16.705625,30.99
20121116,601799.XSHG,星宇股份,9.49,1900,10.30,18031,-1533.335,10.00
20121116,601518.XSHG,吉林高速,2.39,0,0,0,0,0
20121116,000926.XSHE,福星股份,7.47,2300,7.99,17181,-1202.11205133,324.48
20121116,002441.XSHE,众业达,11.42,800,11.46,9136,-29.6,5.00
20121116,002516.XSHE,旷达科技,7.91,2400,7.49,18984,1005.9168,15.79
20121116,000619.XSHE,海螺型材,8.13,2100,8.15,17073,-43.155,5.00
20121116,002485.XSHE,希努尔,7.45,1200,8.55,8940,-1314.28909091,27.66
20121119,600510.XSHG,黑牡丹,5.74,400,5.74,2296,0.705625,30.99
20121119,601799.XSHG,星宇股份,9.53,1900,10.30,18107,-1457.335,10.00
20121119,601518.XSHG,吉林高速,2.42,400,2.42,968,-0.82,5.00
20121119,000926.XSHE,福星股份,7.50,200,7.99,1500,-98.53148272,345.15
20121119,002441.XSHE,众业达,11.42,800,11.46,9136,-29.6,5.00
20121119,002516.XSHE,旷达科技,7.93,2400,7.49,19032,1053.9168,15.79
20121119,000619.XSHE,海螺型材,8.33,2200,8.16,18326,374.69,10.00
20121119,002485.XSHE,希努尔,7.48,1200,8.55,8976,-1278.28909091,27.66
20121120,600510.XSHG,黑牡丹,5.72,400,5.74,2288,-7.294375,30.99
20121120,601799.XSHG,星宇股份,9.59,1900,10.30,18221,-1343.335,10.00
20121120,601518.XSHG,吉林高速,2.41,400,2.42,964,-4.82,5.00
20121120,000926.XSHE,福星股份,7.50,0,7.99,0,0,351.65
20121120,002441.XSHE,众业达,11.49,800,11.46,9192,26.4,5.00
20121120,002516.XSHE,旷达科技,7.63,2400,7.49,18312,333.9168,15.79
20121120,000619.XSHE,海螺型材,8.18,2200,8.16,17996,44.69,10.00
20121120,002485.XSHE,希努尔,7.51,1100,8.55,8261,-1138.765,33.41
20121121,600510.XSHG,黑牡丹,5.85,0,5.74,0,0,38.30
20121121,601799.XSHG,星宇股份,9.61,1900,10.30,18259,-1305.335,10.00
20121121,601518.XSHG,吉林高速,2.45,400,2.42,980,11.18,5.00
20121121,002441.XSHE,众业达,12.10,1500,11.77,18150,493.155,10.00
20121121,002516.XSHE,旷达科技,8.14,2400,7.49,19536,1557.9168,15.79
20121121,000619.XSHE,海螺型材,8.35,2200,8.16,18370,418.69,10.00
20121121,002485.XSHE,希努尔,7.63,1100,8.55,8393,-1006.765,33.41
20121122,600510.XSHG,黑牡丹,5.76,1600,5.83,9216,-110.4,5.00
20121122,601799.XSHG,星宇股份,9.74,1900,10.30,18506,-1058.335,10.00
20121122,601518.XSHG,吉林高速,2.42,7800,2.41,18876,58.38,10.00
20121122,002441.XSHE,众业达,11.89,1500,11.77,17835,178.155,10.00
20121122,002516.XSHE,旷达科技,8.05,1400,7.49,11270,782.7848,28.78
20121122,000619.XSHE,海螺型材,8.23,2200,8.16,18106,154.69,10.00
20121122,002485.XSHE,希努尔,7.50,700,8.55,5250,-731.66863636,41.37
20121123,600510.XSHG,黑牡丹,5.83,2100,5.82,12243,12.15,10.00
20121123,601799.XSHG,星宇股份,9.73,1900,10.30,18487,-1077.335,10.00
20121123,601518.XSHG,吉林高速,2.42,7800,2.41,18876,58.38,10.00
20121123,002441.XSHE,众业达,11.86,1500,11.77,17790,133.155,10.00
20121123,002516.XSHE,旷达科技,7.97,0,7.49,0,0,44.93
20121123,000619.XSHE,海螺型材,8.25,2200,8.16,18150,198.69,10.00
20121123,002485.XSHE,希努尔,7.45,700,8.55,5215,-766.66863636,41.37
20121126,600510.XSHG,黑牡丹,5.70,2100,5.82,11970,-260.85,10.00
20121126,601799.XSHG,星宇股份,9.53,1900,10.30,18107,-1457.335,10.00
20121126,601518.XSHG,吉林高速,2.39,7800,2.41,18642,-175.62,10.00
20121126,002441.XSHE,众业达,11.87,1500,11.77,17805,148.155,10.00
20121126,002516.XSHE,旷达科技,7.83,1200,7.83,9396,1.26,5.00
20121126,000619.XSHE,海螺型材,7.90,2200,8.16,17380,-571.31,10.00
20121126,002485.XSHE,希努尔,7.27,500,8.55,3635,-637.62045455,47.81
20121127,600510.XSHG,黑牡丹,5.46,1800,5.82,9828,-655.58571429,16.63
20121127,601799.XSHG,星宇股份,9.14,1900,10.30,17366,-2198.335,10.00
20121127,601518.XSHG,吉林高速,2.31,7700,2.41,17787,-789.36846154,15.23
20121127,002441.XSHE,众业达,11.38,1500,11.77,17070,-586.845,10.00
20121127,002516.XSHE,旷达科技,7.41,1900,7.67,14079,-500.535,10.00
20121127,000619.XSHE,海螺型材,7.55,2200,8.16,16610,-1341.31,10.00
20121127,002485.XSHE,希努尔,6.74,0,8.55,0,0,56.18
20121128,600510.XSHG,黑牡丹,5.33,1000,5.82,5330,-494.21428571,25.87
20121128,601799.XSHG,星宇股份,9.16,1900,10.30,17404,-2160.335,10.00
20121128,601518.XSHG,吉林高速,2.31,7700,2.41,17787,-789.36846154,15.23
20121128,002441.XSHE,众业达,10.98,1500,11.77,16470,-1186.845,10.00
20121128,002516.XSHE,旷达科技,7.20,2400,7.57,17280,-897.435,15.00
20121128,000619.XSHE,海螺型材,7.60,2300,8.14,17480,-1231.09,15.00
20121129,600510.XSHG,黑牡丹,5.31,1000,5.82,5310,-514.21428571,25.87
20121129,601799.XSHG,星宇股份,9.09,1900,10.30,17271,-2293.335,10.00
20121129,601518.XSHG,吉林高速,2.38,4500,2.41,10710,-146.31923077,27.81
20121129,600382.XSHG,广东明珠,5.73,1300,5.77,7449,-50.31,5.00
20121129,002441.XSHE,众业达,10.88,1500,11.77,16320,-1336.845,10.00
20121129,002516.XSHE,旷达科技,7.00,2400,7.57,16800,-1377.435,15.00
20121129,000619.XSHE,海螺型材,7.32,2300,8.14,16836,-1875.09,15.00
20121130,600510.XSHG,黑牡丹,5.45,1000,5.82,5450,-374.21428571,25.87
20121130,601799.XSHG,星宇股份,9.24,1900,10.30,17556,-2008.335,10.00
20121130,601518.XSHG,吉林高速,2.40,4500,2.41,10800,-56.31923077,27.81
20121130,600382.XSHG,广东明珠,5.88,1300,5.77,7644,144.69,5.00
20121130,002441.XSHE,众业达,10.99,1500,11.77,16485,-1171.845,10.00
20121130,002516.XSHE,旷达科技,7.09,2400,7.57,17016,-1161.435,15.00
20121130,000619.XSHE,海螺型材,7.39,2300,8.14,16997,-1714.09,15.00
20121203,600510.XSHG,黑牡丹,5.36,400,5.82,2144,-185.68571429,34.09
20121203,601799.XSHG,星宇股份,9.13,1900,10.30,17347,-2217.335,10.00
20121203,601518.XSHG,吉林高速,2.34,4200,2.41,9828,-304.56461538,33.51
20121203,600382.XSHG,广东明珠,5.74,1300,5.77,7462,-37.31,5.00
20121203,002441.XSHE,众业达,10.61,1600,11.70,16976,-1751.17,15.00
20121203,002516.XSHE,旷达科技,6.95,2400,7.57,16680,-1497.435,15.00
20121203,000619.XSHE,海螺型材,7.31,2300,8.14,16813,-1898.09,15.00
20121204,600510.XSHG,黑牡丹,5.53,0,5.82,0,0,41.27
20121204,601799.XSHG,星宇股份,9.25,1900,10.30,17575,-1989.335,10.00
20121204,600987.XSHG,航民股份,6.06,2800,6.12,16968,-169.26,5.00
20121204,601518.XSHG,吉林高速,2.39,4200,2.41,10038,-94.56461538,33.51
20121204,600382.XSHG,广东明珠,5.84,1300,5.77,7592,92.69,5.00
20121204,002441.XSHE,众业达,10.79,1600,11.70,17264,-1463.17,15.00
20121204,002516.XSHE,旷达科技,7.12,2400,7.57,17088,-1089.435,15.00
20121204,000619.XSHE,海螺型材,7.48,0,8.14,0,0,37.19
20121205,601799.XSHG,星宇股份,9.80,1900,10.30,18620,-944.335,10.00
20121205,600987.XSHG,航民股份,6.31,200,6.12,1262,37.91,26.45
20121205,601518.XSHG,吉林高速,2.48,3200,2.41,7936,215.95076923,40.97
20121205,600382.XSHG,广东明珠,6.07,2900,5.95,17603,343.13,10.00
20121205,002441.XSHE,众业达,11.17,1600,11.70,17872,-855.17,15.00
20121205,002516.XSHE,旷达科技,7.31,2400,7.57,17544,-633.435,15.00
20121205,000619.XSHE,海螺型材,7.93,1800,7.95,14274,-35.19,5.00
20121206,601799.XSHG,星宇股份,9.91,1900,10.30,18829,-735.335,10.00
20121206,600987.XSHG,航民股份,6.27,0,6.12,0,0,32.70
20121206,601518.XSHG,吉林高速,2.44,3200,2.41,7808,87.95076923,40.97
20121206,600382.XSHG,广东明珠,6.01,2100,5.95,12621,122.47344828,19.79
20121206,002441.XSHE,众业达,11.14,1600,11.70,17824,-903.17,15.00
20121206,002516.XSHE,旷达科技,7.22,2400,7.57,17328,-849.435,15.00
20121206,000619.XSHE,海螺型材,7.90,2200,7.95,17380,-117.05,10.00
20121207,601799.XSHG,星宇股份,10.00,1900,10.30,19000,-564.335,10.00
20121207,601518.XSHG,吉林高速,2.49,3200,2.41,7968,247.95076923,40.97
20121207,600382.XSHG,广东明珠,6.17,2100,5.95,12957,458.47344828,19.79
20121207,002441.XSHE,众业达,11.34,1600,11.70,18144,-583.17,15.00
20121207,002516.XSHE,旷达科技,7.43,2400,7.57,17832,-345.435,15.00
20121207,000619.XSHE,海螺型材,8.37,2200,7.95,18414,916.95,10.00
20121210,601799.XSHG,星宇股份,10.07,1900,10.30,19133,-431.335,10.00
20121210,601518.XSHG,吉林高速,2.50,3200,2.41,8000,279.95076923,40.97
20121210,600382.XSHG,广东明珠,6.23,2100,5.95,13083,584.47344828,19.79
20121210,002441.XSHE,众业达,11.52,1600,11.70,18432,-295.17,15.00
20121210,002516.XSHE,旷达科技,7.65,2400,7.57,18360,182.565,15.00
20121210,000619.XSHE,海螺型材,8.43,2200,7.95,18546,1048.95,10.00
20121211,601799.XSHG,星宇股份,10.07,1900,10.30,19133,-431.335,10.00
20121211,601518.XSHG,吉林高速,2.46,3200,2.41,7872,151.95076923,40.97
20121211,600382.XSHG,广东明珠,6.16,2100,5.95,12936,437.47344828,19.79
20121211,002441.XSHE,众业达,11.37,1600,11.70,18192,-535.17,15.00
20121211,002516.XSHE,旷达科技,7.57,2400,7.57,18168,-9.435,15.00
20121211,000619.XSHE,海螺型材,8.30,2200,7.95,18260,762.95,10.00
20121212,601799.XSHG,星宇股份,10.08,1900,10.30,19152,-412.335,10.00
20121212,601518.XSHG,吉林高速,2.51,3200,2.41,8032,311.95076923,40.97
20121212,600382.XSHG,广东明珠,6.15,2100,5.95,12915,416.47344828,19.79
20121212,002441.XSHE,众业达,11.38,1600,11.70,18208,-519.17,15.00
20121212,002516.XSHE,旷达科技,7.54,2400,7.57,18096,-81.435,15.00
20121212,000619.XSHE,海螺型材,8.31,2200,7.95,18282,784.95,10.00
20121213,601799.XSHG,星宇股份,10.07,1900,10.30,19133,-431.335,10.00
20121213,601518.XSHG,吉林高速,2.59,3200,2.41,8288,567.95076923,40.97
20121213,600382.XSHG,广东明珠,6.06,2100,5.95,12726,227.47344828,19.79
20121213,002441.XSHE,众业达,11.12,1600,11.70,17792,-935.17,15.00
20121213,002516.XSHE,旷达科技,7.40,2400,7.57,17760,-417.435,15.00
20121213,000619.XSHE,海螺型材,8.20,2200,7.95,18040,542.95,10.00
20121214,601799.XSHG,星宇股份,10.63,1900,10.30,20197,632.665,10.00
20121214,601518.XSHG,吉林高速,2.62,3200,2.41,8384,663.95076923,40.97
20121214,600382.XSHG,广东明珠,6.28,2100,5.95,13188,689.47344828,19.79
20121214,002441.XSHE,众业达,11.60,1600,11.70,18560,-167.17,15.00
20121214,002516.XSHE,旷达科技,7.71,2400,7.57,18504,326.565,15.00
20121214,000619.XSHE,海螺型材,8.67,2200,7.95,19074,1576.95,10.00
20121217,601799.XSHG,星宇股份,11.24,1900,10.30,21356,1791.665,10.00
20121217,601518.XSHG,吉林高速,2.60,3200,2.41,8320,599.95076923,40.97
20121217,600382.XSHG,广东明珠,6.37,2100,5.95,13377,878.47344828,19.79
20121217,002441.XSHE,众业达,11.65,1600,11.70,18640,-87.17,15.00
20121217,002516.XSHE,旷达科技,7.71,2400,7.57,18504,326.565,15.00
20121217,000619.XSHE,海螺型材,8.67,2200,7.95,19074,1576.95,10.00