datetime,order_book_id,symbol,side,last_quantity,last_price,transaction_cost
2012-01-04 14:50:00,000886.XSHE,海南高速,BUY,6100,3.10,5.00
2012-01-04 14:50:00,000900.XSHE,现代投资,BUY,1500,12.63,5.00
2012-01-04 14:50:00,000926.XSHE,福星股份,BUY,2700,6.84,5.00
2012-01-04 14:50:00,600219.XSHG,南山铝业,BUY,3000,6.31,5.00
2012-01-04 14:50:00,601898.XSHG,中煤能源,BUY,2200,8.63,5.00
2012-01-05 14:50:00,000886.XSHE,海南高速,SELL,3300,3.04,15.05
2012-01-05 14:50:00,601898.XSHG,中煤能源,SELL,2200,8.55,23.80
2012-01-05 14:50:00,600987.XSHG,航民股份,BUY,1400,5.43,5.00
2012-01-05 14:50:00,600159.XSHG,大龙地产,BUY,700,3.18,5.00
2012-01-06 14:50:00,000886.XSHE,海南高速,SELL,1700,2.99,10.09
2012-01-06 14:50:00,600219.XSHG,南山铝业,SELL,3000,6.29,23.87
2012-01-06 14:50:00,600684.XSHG,珠江实业,BUY,2700,6.93,5.00
2012-01-06 14:50:00,600159.XSHG,大龙地产,BUY,5100,3.23,5.00
2012-01-09 14:50:00,000886.XSHE,海南高速,SELL,1100,3.10,8.41
2012-01-09 14:50:00,600987.XSHG,航民股份,BUY,500,5.71,5.00
2012-01-09 14:50:00,002440.XSHE,闰土股份,BUY,800,15.96,5.00
2012-01-13 14:50:00,600159.XSHG,大龙地产,SELL,500,3.26,6.63
2012-01-13 14:50:00,600684.XSHG,珠江实业,SELL,2700,7.27,24.64
2012-01-13 14:50:00,600987.XSHG,航民股份,SELL,200,5.61,6.12
2012-01-13 14:50:00,000926.XSHE,福星股份,BUY,1300,7.04,5.00
2012-01-13 14:50:00,600219.XSHG,南山铝业,BUY,2100,6.72,5.00
2012-03-22 14:50:00,002440.XSHE,闰土股份,SELL,300,18.03,10.41
2012-03-22 14:50:00,600159.XSHG,大龙地产,SELL,5300,3.78,25.04
2012-03-22 14:50:00,600987.XSHG,航民股份,SELL,1500,6.32,14.48
2012-03-22 14:50:00,000926.XSHE,福星股份,BUY,200,8.91,5.00
2012-03-22 14:50:00,600219.XSHG,南山铝业,BUY,2800,7.64,5.13
2012-03-23 14:50:00,002440.XSHE,闰土股份,SELL,500,17.53,13.77
2012-03-23 14:50:00,600987.XSHG,航民股份,SELL,200,6.20,6.24
2012-03-23 14:50:00,000900.XSHE,现代投资,BUY,400,13.71,5.00
2012-03-23 14:50:00,000926.XSHE,福星股份,SELL,1000,8.51,13.51
2012-03-23 14:50:00,600270.XSHG,外运发展,BUY,2700,7.11,5.00
2012-03-23 14:50:00,600219.XSHG,南山铝业,SELL,1200,7.38,13.86
2012-03-26 14:50:00,000900.XSHE,现代投资,SELL,200,13.56,7.71
2012-03-26 14:50:00,000926.XSHE,福星股份,SELL,600,8.49,10.09
2012-03-26 14:50:00,600270.XSHG,外运发展,BUY,200,7.36,5.00
2012-03-26 14:50:00,600219.XSHG,南山铝业,SELL,700,7.41,10.19
2012-03-26 14:50:00,601898.XSHG,中煤能源,BUY,2400,9.15,5.27
2012-03-28 14:50:00,600270.XSHG,外运发展,BUY,100,7.04,5.00
2012-03-29 14:50:00,601898.XSHG,中煤能源,SELL,2400,8.83,26.27
2012-03-29 14:50:00,000900.XSHE,现代投资,BUY,300,12.90,5.00
2012-03-29 14:50:00,000926.XSHE,福星股份,BUY,400,8.61,5.00
2012-03-29 14:50:00,600270.XSHG,外运发展,BUY,700,7.05,5.00
2012-03-29 14:50:00,600219.XSHG,南山铝业,BUY,700,7.06,5.00
2012-03-30 14:50:00,600626.XSHG,申达股份,BUY,2000,3.64,5.00
2012-03-30 14:50:00,000926.XSHE,福星股份,SELL,500,8.77,9.38
2012-03-30 14:50:00,600270.XSHG,外运发展,SELL,600,6.97,9.18
2012-03-30 14:50:00,600219.XSHG,南山铝业,SELL,600,6.95,9.17
2012-04-05 14:50:00,600626.XSHG,申达股份,BUY,500,3.77,5.00
2012-04-05 14:50:00,000900.XSHE,现代投资,SELL,300,13.32,9.00
2012-04-06 14:50:00,600626.XSHG,申达股份,BUY,2700,3.80,5.00
2012-04-06 14:50:00,600270.XSHG,外运发展,SELL,100,7.24,5.72
2012-04-09 14:50:00,600626.XSHG,申达股份,BUY,500,3.77,5.00
2012-04-09 14:50:00,000900.XSHE,现代投资,SELL,100,13.56,6.36
2012-04-13 14:50:00,600626.XSHG,申达股份,SELL,100,4.08,5.41
2012-04-17 14:50:00,600270.XSHG,外运发展,SELL,3000,7.61,28.32
2012-04-17 14:50:00,600626.XSHG,申达股份,BUY,1300,4.07,5.00
2012-04-17 14:50:00,000900.XSHE,现代投资,BUY,300,14.37,5.00
2012-04-17 14:50:00,000926.XSHE,福星股份,BUY,500,9.22,5.00
2012-04-17 14:50:00,600219.XSHG,南山铝业,BUY,800,7.29,5.00
2012-04-18 14:50:00,000926.XSHE,福星股份,SELL,3000,9.39,34.94
2012-04-19 14:50:00,600626.XSHG,申达股份,BUY,100,4.11,5.00
2012-04-19 14:50:00,600270.XSHG,外运发展,BUY,2800,7.65,5.14
2012-06-04 14:50:00,000900.XSHE,现代投资,SELL,1900,14.71,34.65
2012-06-04 14:50:00,600626.XSHG,申达股份,SELL,7000,3.89,33.77
2012-06-04 14:50:00,000926.XSHE,福星股份,BUY,5300,9.79,12.45
2012-06-04 14:50:00,000089.XSHE,深圳机场,BUY,3200,4.29,5.00
2012-06-05 14:50:00,600219.XSHG,南山铝业,SELL,3900,7.17,34.69
2012-06-05 14:50:00,000926.XSHE,福星股份,SELL,1400,9.78,18.69
2012-06-05 14:50:00,000089.XSHE,深圳机场,BUY,400,4.29,5.00
2012-06-06 14:50:00,600270.XSHG,外运发展,SELL,700,7.66,10.36
2012-06-06 14:50:00,000926.XSHE,福星股份,BUY,1900,9.66,5.00
2012-06-07 14:50:00,600270.XSHG,外运发展,SELL,2100,7.49,20.73
2012-06-07 14:50:00,000089.XSHE,深圳机场,BUY,2600,4.24,5.00
2012-06-08 14:50:00,600270.XSHG,外运发展,BUY,800,7.35,5.00
2012-06-08 14:50:00,000926.XSHE,福星股份,SELL,1900,9.81,23.64
2012-06-08 14:50:00,000089.XSHE,深圳机场,BUY,300,4.23,5.00
2012-06-11 14:50:00,600270.XSHG,外运发展,BUY,4200,7.66,7.72
2012-06-11 14:50:00,000926.XSHE,福星股份,SELL,100,10.19,6.02
2012-06-12 14:50:00,000926.XSHE,福星股份,SELL,100,10.42,6.04
2012-06-13 14:50:00,600270.XSHG,外运发展,BUY,100,7.49,5.00
2012-06-13 14:50:00,000089.XSHE,深圳机场,BUY,1700,4.27,5.00
2012-06-14 14:50:00,600270.XSHG,外运发展,BUY,100,7.27,5.00
2012-06-14 14:50:00,000089.XSHE,深圳机场,BUY,700,4.26,5.00
2012-06-18 14:50:00,000926.XSHE,福星股份,BUY,100,9.87,5.00
2012-06-20 14:50:00,600270.XSHG,外运发展,SELL,100,7.36,5.74
2012-06-20 14:50:00,000926.XSHE,福星股份,BUY,100,9.58,5.00
2012-06-28 14:50:00,600987.XSHG,航民股份,BUY,900,5.74,5.00
2012-06-28 14:50:00,600270.XSHG,外运发展,SELL,1200,7.07,13.49
2012-06-28 14:50:00,000926.XSHE,福星股份,SELL,900,9.25,13.33
2012-06-28 14:50:00,000089.XSHE,深圳机场,SELL,2200,4.05,13.91
2012-06-29 14:50:00,600987.XSHG,航民股份,BUY,600,5.78,5.00
2012-07-02 14:50:00,600987.XSHG,航民股份,BUY,2100,5.78,5.00
2012-07-02 14:50:00,600270.XSHG,外运发展,SELL,100,7.21,5.72
2012-07-03 14:50:00,600987.XSHG,航民股份,SELL,200,5.86,6.17
2012-07-03 14:50:00,000926.XSHE,福星股份,BUY,900,9.42,5.00
2012-07-03 14:50:00,600270.XSHG,外运发展,BUY,500,7.34,5.00
2012-07-03 14:50:00,000089.XSHE,深圳机场,BUY,100,4.11,5.00
2012-07-04 14:50:00,600987.XSHG,航民股份,SELL,500,5.85,7.93
2012-07-04 14:50:00,600270.XSHG,外运发展,BUY,400,7.37,5.00
2012-07-05 14:50:00,600987.XSHG,航民股份,SELL,200,5.73,6.15
2012-07-05 14:50:00,000926.XSHE,福星股份,BUY,100,8.94,5.00
2012-07-06 14:50:00,000926.XSHE,福星股份,SELL,1000,9.10,14.10
2012-07-06 14:50:00,600270.XSHG,外运发展,SELL,700,7.17,10.02
2012-07-09 14:50:00,600987.XSHG,航民股份,SELL,2700,5.68,20.34
2012-07-09 14:50:00,000926.XSHE,福星股份,BUY,1000,8.88,5.00
2012-07-09 14:50:00,600270.XSHG,外运发展,BUY,900,7.14,5.00
2012-07-10 14:50:00,600987.XSHG,航民股份,BUY,600,5.80,5.00
2012-07-10 14:50:00,601222.XSHG,林洋能源,BUY,100,8.87,5.00
2012-07-10 14:50:00,000926.XSHE,福星股份,SELL,1000,8.37,13.37
2012-07-10 14:50:00,600270.XSHG,外运发展,SELL,1900,7.08,18.46
2012-07-11 14:50:00,601222.XSHG,林洋能源,BUY,2800,8.90,5.98
2012-07-11 14:50:00,000926.XSHE,福星股份,BUY,100,8.41,5.00
2012-07-11 14:50:00,000089.XSHE,深圳机场,SELL,300,4.00,6.20
2012-07-12 14:50:00,600987.XSHG,航民股份,SELL,600,5.80,8.48
2012-07-12 14:50:00,600270.XSHG,外运发展,BUY,700,7.19,5.00
2012-07-13 14:50:00,601222.XSHG,林洋能源,SELL,500,9.33,9.67
2012-07-13 14:50:00,000926.XSHE,福星股份,BUY,1000,8.53,5.00
2012-07-13 14:50:00,600270.XSHG,外运发展,BUY,200,7.00,5.00
2012-07-16 14:50:00,601222.XSHG,林洋能源,SELL,200,8.97,6.79
2012-07-16 14:50:00,600987.XSHG,航民股份,BUY,400,5.42,5.00
2012-07-16 14:50:00,000926.XSHE,福星股份,SELL,1000,8.16,13.16
2012-07-16 14:50:00,600270.XSHG,外运发展,BUY,100,6.25,5.00
2012-07-16 14:50:00,000089.XSHE,深圳机场,SELL,100,3.96,5.40
2012-07-17 14:50:00,601222.XSHG,林洋能源,SELL,2200,9.98,27.23
2012-07-17 14:50:00,600987.XSHG,航民股份,BUY,1000,5.44,5.00
2012-07-17 14:50:00,600270.XSHG,外运发展,BUY,100,6.19,5.00
2012-07-18 14:50:00,600987.XSHG,航民股份,BUY,3300,5.45,5.00
2012-07-20 14:50:00,000926.XSHE,福星股份,BUY,100,8.00,5.00
2012-07-30 14:50:00,000926.XSHE,福星股份,BUY,100,7.60,5.00
2012-07-30 14:50:00,000089.XSHE,深圳机场,SELL,100,3.96,5.40
2012-07-31 14:50:00,600270.XSHG,外运发展,SELL,100,6.23,5.62
2012-08-02 14:50:00,000926.XSHE,福星股份,BUY,100,7.21,5.00
2012-08-02 14:50:00,600270.XSHG,外运发展,SELL,100,6.40,5.64
2012-08-03 14:50:00,600987.XSHG,航民股份,SELL,100,5.44,5.54
2012-08-09 14:50:00,000089.XSHE,深圳机场,BUY,100,4.08,5.00
2012-08-13 14:50:00,600987.XSHG,航民股份,SELL,4600,5.73,32.69
2012-08-13 14:50:00,000926.XSHE,福星股份,BUY,1100,7.48,5.00
2012-08-13 14:50:00,000089.XSHE,深圳机场,BUY,2100,4.01,5.00
2012-08-14 14:50:00,600539.XSHG,狮头股份,BUY,3700,4.00,5.00
2012-08-14 14:50:00,000926.XSHE,福星股份,SELL,1000,7.51,12.51
2012-08-14 14:50:00,000089.XSHE,深圳机场,SELL,2000,3.97,12.94
2012-08-15 14:50:00,600539.XSHG,狮头股份,SELL,2500,3.94,14.85
2012-08-15 14:50:00,000926.XSHE,福星股份,BUY,1000,7.57,5.00
2012-08-15 14:50:00,600270.XSHG,外运发展,BUY,1200,6.62,5.00
2012-08-15 14:50:00,000089.XSHE,深圳机场,BUY,2100,3.99,5.00
2012-08-16 14:50:00,600539.XSHG,狮头股份,BUY,200,4.02,5.00
2012-08-16 14:50:00,000594.XSHE,国恒退,BUY,200,2.38,5.00
2012-08-16 14:50:00,000926.XSHE,福星股份,SELL,900,7.51,11.76
2012-08-16 14:50:00,600270.XSHG,外运发展,SELL,1200,6.53,12.83
2012-08-16 14:50:00,000089.XSHE,深圳机场,SELL,100,3.95,5.40
2012-08-17 14:50:00,600539.XSHG,狮头股份,SELL,1400,4.07,10.70
2012-08-17 14:50:00,000594.XSHE,国恒退,BUY,8700,2.39,5.00
2012-08-17 14:50:00,000926.XSHE,福星股份,SELL,200,7.53,6.51
2012-08-17 14:50:00,000089.XSHE,深圳机场,SELL,2000,3.97,12.94
2012-08-20 14:50:00,000594.XSHE,国恒退,BUY,600,2.37,5.00
2012-08-20 14:50:00,000089.XSHE,深圳机场,SELL,100,3.97,5.40
2012-08-21 14:50:00,000594.XSHE,国恒退,BUY,1200,2.39,5.00
2012-08-22 14:50:00,000594.XSHE,国恒退,BUY,100,2.35,5.00
2012-08-23 14:50:00,000594.XSHE,国恒退,BUY,100,2.35,5.00
2012-08-24 14:50:00,000594.XSHE,国恒退,BUY,300,2.24,5.00
2012-08-24 14:50:00,600270.XSHG,外运发展,SELL,100,6.67,5.67
2012-08-27 14:50:00,000594.XSHE,国恒退,BUY,200,2.16,5.00
2012-08-28 14:50:00,601799.XSHG,星宇股份,BUY,200,10.33,5.00
2012-08-28 14:50:00,000594.XSHE,国恒退,SELL,2200,2.15,9.73
2012-08-28 14:50:00,000926.XSHE,福星股份,SELL,700,7.25,10.08
2012-08-28 14:50:00,600270.XSHG,外运发展,SELL,700,6.46,9.52
2012-08-28 14:50:00,000089.XSHE,深圳机场,SELL,400,3.88,6.55
2012-08-29 14:50:00,601799.XSHG,星宇股份,BUY,800,10.39,5.00
2012-08-30 14:50:00,000089.XSHE,深圳机场,SELL,1700,3.82,11.50
2012-08-30 14:50:00,601799.XSHG,星宇股份,BUY,800,10.26,5.00
2012-08-30 14:50:00,002485.XSHE,希努尔,BUY,300,8.82,5.00
2012-08-31 14:50:00,000089.XSHE,深圳机场,SELL,1000,3.82,8.82
2012-08-31 14:50:00,600270.XSHG,外运发展,SELL,900,6.08,10.47
2012-08-31 14:50:00,600684.XSHG,珠江实业,BUY,2500,5.97,5.00
2012-08-31 14:50:00,000594.XSHE,国恒退,SELL,100,2.11,5.21
2012-09-03 14:50:00,600684.XSHG,珠江实业,SELL,200,6.00,6.20
2012-09-03 14:50:00,000926.XSHE,福星股份,SELL,100,7.55,5.76
2012-09-03 14:50:00,600270.XSHG,外运发展,BUY,300,6.22,5.00
2012-09-04 14:50:00,000089.XSHE,深圳机场,SELL,3300,3.76,17.41
2012-09-04 14:50:00,600684.XSHG,珠江实业,SELL,2300,5.94,18.66
2012-09-04 14:50:00,002485.XSHE,希努尔,BUY,400,8.67,5.00
2012-09-04 14:50:00,600270.XSHG,外运发展,BUY,600,6.13,5.00
2012-09-05 14:50:00,002485.XSHE,希努尔,BUY,1200,8.73,5.00
2012-09-06 14:50:00,002485.XSHE,希努尔,BUY,300,8.93,5.00
2012-09-06 14:50:00,000594.XSHE,国恒退,SELL,100,2.19,5.22
2012-09-11 14:50:00,002485.XSHE,希努尔,SELL,700,9.25,11.48
2012-09-11 14:50:00,601799.XSHG,星宇股份,SELL,100,10.81,6.08
2012-09-11 14:50:00,000594.XSHE,国恒退,BUY,5900,2.27,5.00
2012-09-12 14:50:00,002485.XSHE,希努尔,SELL,500,9.27,9.64
2012-09-12 14:50:00,601799.XSHG,星宇股份,SELL,900,10.93,14.83
2012-09-12 14:50:00,000926.XSHE,福星股份,BUY,1600,8.01,5.00
2012-09-13 14:50:00,002485.XSHE,希努尔,SELL,1000,9.20,14.20
2012-09-13 14:50:00,601799.XSHG,星宇股份,SELL,200,10.79,7.16
2012-09-13 14:50:00,000594.XSHE,国恒退,BUY,100,2.25,5.00
2012-09-13 14:50:00,600270.XSHG,外运发展,BUY,1000,6.54,5.00
2012-09-14 14:50:00,601799.XSHG,星宇股份,BUY,500,10.95,5.00
2012-09-14 14:50:00,000594.XSHE,国恒退,SELL,3700,2.23,13.25
2012-09-14 14:50:00,000926.XSHE,福星股份,SELL,900,7.79,12.01
2012-09-14 14:50:00,600270.XSHG,外运发展,SELL,100,6.39,5.64
2012-09-17 14:50:00,601799.XSHG,星宇股份,SELL,1000,10.70,15.70
2012-09-17 14:50:00,000594.XSHE,国恒退,BUY,3600,2.18,5.00
2012-09-17 14:50:00,000926.XSHE,福星股份,BUY,1000,7.49,5.00
2012-09-17 14:50:00,600270.XSHG,外运发展,BUY,800,6.17,5.00
2012-09-18 14:50:00,601799.XSHG,星宇股份,BUY,600,10.75,5.00
2012-09-18 14:50:00,000594.XSHE,国恒退,SELL,3200,2.14,11.85
2012-09-18 14:50:00,000926.XSHE,福星股份,SELL,1400,7.36,15.31
2012-09-18 14:50:00,600270.XSHG,外运发展,SELL,1600,6.13,14.81
2012-09-19 14:50:00,002485.XSHE,希努尔,BUY,200,8.87,5.00
2012-09-19 14:50:00,000594.XSHE,国恒退,SELL,900,2.16,6.94
2012-09-19 14:50:00,000926.XSHE,福星股份,SELL,200,7.29,6.46
2012-09-20 14:50:00,601799.XSHG,星宇股份,SELL,700,10.37,12.26
2012-09-20 14:50:00,002485.XSHE,希努尔,BUY,2000,8.51,5.00
2012-09-20 14:50:00,000594.XSHE,国恒退,SELL,1800,2.09,8.76
2012-09-20 14:50:00,600009.XSHG,上海机场,BUY,1600,11.54,5.00
2012-09-21 14:50:00,600009.XSHG,上海机场,SELL,1600,11.43,23.29
2012-09-21 14:50:00,601799.XSHG,星宇股份,BUY,1800,10.32,5.00
2012-09-21 14:50:00,000594.XSHE,国恒退,SELL,100,2.10,5.21
2012-09-24 14:50:00,601518.XSHG,吉林高速,BUY,2000,2.36,5.00
2012-09-24 14:50:00,000594.XSHE,国恒退,SELL,200,2.14,5.43
2012-09-25 14:50:00,600270.XSHG,外运发展,SELL,700,5.87,9.11
2012-09-26 14:50:00,600270.XSHG,外运发展,SELL,2500,5.76,19.40
2012-09-26 14:50:00,601518.XSHG,吉林高速,BUY,400,2.32,5.00
2012-09-27 14:50:00,000926.XSHE,福星股份,SELL,1800,7.02,17.64
2012-09-27 14:50:00,600684.XSHG,珠江实业,BUY,500,6.03,5.00
2012-09-27 14:50:00,601518.XSHG,吉林高速,BUY,600,2.36,5.00
2012-09-27 14:50:00,000594.XSHE,国恒退,SELL,100,2.14,5.21
2012-10-29 14:50:00,000594.XSHE,国恒退,SELL,8600,2.28,24.60
2012-10-29 14:50:00,002485.XSHE,希努尔,SELL,300,7.64,7.29
2012-10-29 14:50:00,601799.XSHG,星宇股份,BUY,100,9.86,5.00
2012-10-29 14:50:00,601518.XSHG,吉林高速,BUY,4200,2.61,5.00
2012-10-29 14:50:00,600284.XSHG,浦东建设,BUY,700,7.24,5.00
2012-10-29 14:50:00,600510.XSHG,黑牡丹,BUY,1300,5.71,5.00
2012-10-29 14:50:00,000926.XSHE,福星股份,BUY,1500,7.66,5.00
2012-10-30 14:50:00,000926.XSHE,福星股份,SELL,2000,7.82,20.64
2012-10-30 14:50:00,002485.XSHE,希努尔,SELL,700,7.67,10.37
2012-10-30 14:50:00,601518.XSHG,吉林高速,SELL,7200,2.54,23.27
2012-10-30 14:50:00,002516.XSHE,旷达科技,BUY,800,7.48,5.00
2012-10-30 14:50:00,600284.XSHG,浦东建设,BUY,1800,7.33,5.00
2012-10-30 14:50:00,600510.XSHG,黑牡丹,BUY,1900,5.76,5.00
2012-10-31 14:50:00,600284.XSHG,浦东建设,SELL,2500,7.31,23.28
2012-10-31 14:50:00,600684.XSHG,珠江实业,SELL,500,8.54,9.27
2012-10-31 14:50:00,002516.XSHE,旷达科技,BUY,1700,7.50,5.00
2012-10-31 14:50:00,000926.XSHE,福星股份,BUY,1900,8.03,5.00
2012-11-16 14:50:00,600510.XSHG,黑牡丹,SELL,2800,5.71,20.99
2012-11-16 14:50:00,002516.XSHE,旷达科技,SELL,100,7.85,5.79
2012-11-16 14:50:00,002441.XSHE,众业达,BUY,800,11.46,5.00
2012-11-16 14:50:00,000619.XSHE,海螺型材,BUY,2100,8.15,5.00
2012-11-19 14:50:00,000926.XSHE,福星股份,SELL,2100,7.46,20.67
2012-11-19 14:50:00,601518.XSHG,吉林高速,BUY,400,2.42,5.00
2012-11-19 14:50:00,000619.XSHE,海螺型材,BUY,100,8.35,5.00
2012-11-20 14:50:00,000926.XSHE,福星股份,SELL,200,7.48,6.50
2012-11-20 14:50:00,002485.XSHE,希努尔,SELL,100,7.44,5.74
2012-11-21 14:50:00,600510.XSHG,黑牡丹,SELL,400,5.77,7.31
2012-11-21 14:50:00,002441.XSHE,众业达,BUY,700,12.13,5.00
2012-11-22 14:50:00,002485.XSHE,希努尔,SELL,400,7.40,7.96
2012-11-22 14:50:00,002516.XSHE,旷达科技,SELL,1000,8.00,13.00
2012-11-22 14:50:00,601518.XSHG,吉林高速,BUY,7400,2.41,5.00
2012-11-22 14:50:00,600510.XSHG,黑牡丹,BUY,1600,5.83,5.00
2012-11-23 14:50:00,002516.XSHE,旷达科技,SELL,1400,7.96,16.14
2012-11-23 14:50:00,600510.XSHG,黑牡丹,BUY,500,5.81,5.00
2012-11-26 14:50:00,002485.XSHE,希努尔,SELL,200,7.23,6.45
2012-11-26 14:50:00,002516.XSHE,旷达科技,BUY,1200,7.83,5.00
2012-11-27 14:50:00,002485.XSHE,希努尔,SELL,500,6.73,8.36
2012-11-27 14:50:00,600510.XSHG,黑牡丹,SELL,300,5.44,6.63
2012-11-27 14:50:00,002516.XSHE,旷达科技,BUY,700,7.41,5.00
2012-11-27 14:50:00,601518.XSHG,吉林高速,SELL,100,2.31,5.23
2012-11-28 14:50:00,600510.XSHG,黑牡丹,SELL,800,5.29,9.23
2012-11-28 14:50:00,002516.XSHE,旷达科技,BUY,500,7.20,5.00
2012-11-28 14:50:00,000619.XSHE,海螺型材,BUY,100,7.60,5.00
2012-11-29 14:50:00,601518.XSHG,吉林高速,SELL,3200,2.37,12.58
2012-11-29 14:50:00,600382.XSHG,广东明珠,BUY,1300,5.77,5.00
2012-12-03 14:50:00,600510.XSHG,黑牡丹,SELL,600,5.36,8.22
2012-12-03 14:50:00,601518.XSHG,吉林高速,SELL,300,2.35,5.70
2012-12-03 14:50:00,002441.XSHE,众业达,BUY,100,10.70,5.00
2012-12-04 14:50:00,000619.XSHE,海螺型材,SELL,2300,7.47,22.19
2012-12-04 14:50:00,600510.XSHG,黑牡丹,SELL,400,5.47,7.19
2012-12-04 14:50:00,600987.XSHG,航民股份,BUY,2800,6.12,5.00
2012-12-05 14:50:00,600987.XSHG,航民股份,SELL,2600,6.33,21.45
2012-12-05 14:50:00,601518.XSHG,吉林高速,SELL,1000,2.46,7.46
2012-12-05 14:50:00,600382.XSHG,广东明珠,BUY,1600,6.10,5.00
2012-12-05 14:50:00,000619.XSHE,海螺型材,BUY,1800,7.95,5.00
2012-12-06 14:50:00,600382.XSHG,广东明珠,SELL,800,5.99,9.79
2012-12-06 14:50:00,600987.XSHG,航民股份,SELL,200,6.23,6.25
2012-12-06 14:50:00,000619.XSHE,海螺型材,BUY,400,7.97,5.00
2013-03-12 14:50:00,000619.XSHE,海螺型材,SELL,2200,8.96,24.70
2013-03-12 14:50:00,002441.XSHE,众业达,SELL,1200,14.36,22.23
2013-03-12 14:50:00,002516.XSHE,旷达科技,SELL,2400,8.33,24.99
2013-03-12 14:50:00,600382.XSHG,广东明珠,SELL,2100,7.50,20.75
2013-03-12 14:50:00,601518.XSHG,吉林高速,SELL,3200,2.61,13.34
2013-03-12 14:50:00,601799.XSHG,星宇股份,SELL,100,11.15,6.12
2013-03-12 14:50:00,600178.XSHG,东安动力,BUY,3400,6.13,5.00
2013-03-12 14:50:00,600510.XSHG,黑牡丹,BUY,3000,6.49,5.00
2013-03-12 14:50:00,000926.XSHE,福星股份,BUY,2700,7.81,5.06
2013-03-12 14:50:00,600270.XSHG,外运发展,BUY,2800,7.38,5.00
2013-03-12 14:50:00,601718.XSHG,际华集团,BUY,900,2.97,5.00
2013-03-13 14:50:00,002441.XSHE,众业达,SELL,400,14.15,10.66
2013-03-13 14:50:00,601718.XSHG,际华集团,SELL,900,2.92,7.62
2013-03-13 14:50:00,000619.XSHE,海螺型材,BUY,900,8.88,5.00
2013-03-14 14:50:00,600270.XSHG,外运发展,SELL,2000,7.17,19.35
2013-03-14 14:50:00,000619.XSHE,海螺型材,BUY,1400,8.87,5.00
2013-03-14 14:50:00,600510.XSHG,黑牡丹,BUY,200,6.32,5.00
2013-03-15 14:50:00,600270.XSHG,外运发展,SELL,800,7.35,10.88
2013-03-18 14:50:00,600510.XSHG,黑牡丹,BUY,100,6.21,5.00
2013-03-19 14:50:00,000926.XSHE,福星股份,SELL,2700,7.72,25.85
2013-03-19 14:50:00,600510.XSHG,黑牡丹,SELL,3300,6.37,26.06
2013-03-19 14:50:00,002516.XSHE,旷达科技,BUY,1900,8.24,5.00
2013-03-19 14:50:00,601799.XSHG,星宇股份,BUY,100,10.98,5.00
2013-03-19 14:50:00,601518.XSHG,吉林高速,BUY,7100,2.56,5.00
2013-03-20 14:50:00,000619.XSHE,海螺型材,SELL,2300,9.20,26.25
2013-03-20 14:50:00,002516.XSHE,旷达科技,SELL,1900,8.29,20.75
2013-03-20 14:50:00,601518.XSHG,吉林高速,SELL,7100,2.58,23.30
2013-03-20 14:50:00,600178.XSHG,东安动力,SELL,200,6.74,6.35
2013-03-20 14:50:00,002521.XSHE,齐峰新材,BUY,1300,15.71,5.00
2013-03-20 14:50:00,600510.XSHG,黑牡丹,BUY,3200,6.57,5.05
2013-03-20 14:50:00,000926.XSHE,福星股份,BUY,2600,7.96,5.00
2013-03-21 14:50:00,002521.XSHE,齐峰新材,SELL,1300,15.52,25.18
2013-03-21 14:50:00,600178.XSHG,东安动力,SELL,200,7.28,6.46
2013-03-21 14:50:00,600510.XSHG,黑牡丹,BUY,100,6.48,5.00
2013-03-21 14:50:00,000926.XSHE,福星股份,BUY,100,7.90,5.00
2013-03-21 14:50:00,600270.XSHG,外运发展,BUY,2700,7.82,5.07
2013-03-25 14:50:00,600178.XSHG,东安动力,SELL,3000,7.23,26.91
2013-03-25 14:50:00,600270.XSHG,外运发展,BUY,100,7.71,5.00
2013-03-25 14:50:00,601718.XSHG,际华集团,BUY,7100,3.03,5.15
2013-03-26 14:50:00,600510.XSHG,黑牡丹,BUY,100,6.28,5.00
2013-03-28 14:50:00,601718.XSHG,际华集团,SELL,7100,2.90,25.56
2013-03-28 14:50:00,002521.XSHE,齐峰新材,BUY,300,14.94,5.00
2013-03-28 14:50:00,600510.XSHG,黑牡丹,SELL,100,6.50,5.65
2013-03-29 14:50:00,000926.XSHE,福星股份,SELL,200,7.67,6.53
2013-03-29 14:50:00,600270.XSHG,外运发展,SELL,2800,7.42,25.78
2013-03-29 14:50:00,600510.XSHG,黑牡丹,SELL,3300,6.62,27.08
2013-03-29 14:50:00,601518.XSHG,吉林高速,BUY,800,2.51,5.00
2013-03-29 14:50:00,002521.XSHE,齐峰新材,BUY,1100,14.64,5.00
2013-03-29 14:50:00,000619.XSHE,海螺型材,BUY,2400,8.65,5.00
2013-04-01 14:50:00,000926.XSHE,福星股份,SELL,2500,7.79,24.48
2013-04-01 14:50:00,002516.XSHE,旷达科技,BUY,2500,8.15,5.00
2013-04-02 14:50:00,000619.XSHE,海螺型材,SELL,500,8.64,9.32
2013-04-02 14:50:00,002516.XSHE,旷达科技,SELL,2500,8.03,25.07
2013-04-02 14:50:00,002521.XSHE,齐峰新材,SELL,1400,14.53,25.34
2013-04-02 14:50:00,600551.XSHG,时代出版,BUY,700,9.21,5.00
2013-04-02 14:50:00,000926.XSHE,福星股份,BUY,2600,7.95,5.00
2013-04-02 14:50:00,600270.XSHG,外运发展,BUY,2700,7.62,5.00
2013-04-03 14:50:00,000619.XSHE,海螺型材,SELL,1900,8.43,21.01
2013-04-03 14:50:00,601518.XSHG,吉林高速,BUY,2600,2.52,5.00
2013-04-03 14:50:00,600551.XSHG,时代出版,BUY,100,9.00,5.00
2013-04-08 14:50:00,000926.XSHE,福星股份,SELL,2600,7.79,25.26
2013-04-08 14:50:00,600270.XSHG,外运发展,SELL,2700,7.25,24.58
2013-04-08 14:50:00,002516.XSHE,旷达科技,BUY,200,8.01,5.00
2013-04-08 14:50:00,601518.XSHG,吉林高速,BUY,100,2.51,5.00
2013-04-08 14:50:00,600178.XSHG,东安动力,BUY,3000,6.69,5.00
2013-04-08 14:50:00,600551.XSHG,时代出版,BUY,1000,8.97,5.00
2013-04-09 14:50:00,002516.XSHE,旷达科技,SELL,200,8.08,6.62
2013-04-09 14:50:00,300040.XSHE,九洲电气,BUY,1300,14.99,5.00
2013-04-09 14:50:00,600551.XSHG,时代出版,BUY,400,9.07,5.00
2013-04-10 14:50:00,300040.XSHE,九洲电气,SELL,1300,14.68,24.08
2013-04-10 14:50:00,600178.XSHG,东安动力,BUY,100,6.51,5.00
2013-04-10 14:50:00,601518.XSHG,吉林高速,BUY,4200,2.54,5.00
2013-04-10 14:50:00,600270.XSHG,外运发展,BUY,2500,7.46,5.00
2013-04-11 14:50:00,600270.XSHG,外运发展,BUY,200,7.38,5.00
2013-04-15 14:50:00,600270.XSHG,外运发展,SELL,600,7.21,9.33
2013-04-15 14:50:00,300040.XSHE,九洲电气,BUY,700,13.95,5.00
2013-04-15 14:50:00,601518.XSHG,吉林高速,BUY,200,2.48,5.00
2013-04-16 14:50:00,600270.XSHG,外运发展,SELL,100,7.26,5.73
2013-04-16 14:50:00,600551.XSHG,时代出版,SELL,1200,9.03,15.84
2013-04-16 14:50:00,601518.XSHG,吉林高速,SELL,500,2.48,6.24
2013-04-16 14:50:00,300040.XSHE,九洲电气,BUY,700,14.02,5.00
2013-04-16 14:50:00,002441.XSHE,众业达,BUY,200,13.05,5.00
2013-04-17 14:50:00,002441.XSHE,众业达,SELL,200,13.08,7.62
2013-04-17 14:50:00,600270.XSHG,外运发展,SELL,2000,7.31,19.63
2013-04-18 14:50:00,300040.XSHE,九洲电气,SELL,1400,15.51,26.93
2013-04-18 14:50:00,600178.XSHG,东安动力,BUY,200,6.11,5.00
2013-04-18 14:50:00,601518.XSHG,吉林高速,BUY,700,2.51,5.00
2013-04-18 14:50:00,600551.XSHG,时代出版,BUY,300,9.24,5.00
2013-04-19 14:50:00,600551.XSHG,时代出版,SELL,1300,9.25,17.03
2013-04-19 14:50:00,600573.XSHG,惠泉啤酒,BUY,3200,5.90,5.00
2013-04-19 14:50:00,002516.XSHE,旷达科技,BUY,800,8.02,5.00
2013-04-22 14:50:00,002516.XSHE,旷达科技,SELL,500,7.92,8.96
2013-04-22 14:50:00,600573.XSHG,惠泉啤酒,BUY,300,5.86,5.00
2013-04-22 14:50:00,600551.XSHG,时代出版,BUY,1300,9.32,5.00
2013-04-23 14:50:00,600551.XSHG,时代出版,SELL,900,8.95,13.05
2013-04-23 14:50:00,000821.XSHE,京山轻机,BUY,4700,4.05,5.00
2013-04-24 14:50:00,600178.XSHG,东安动力,SELL,3300,5.95,24.64
2013-04-24 14:50:00,600551.XSHG,时代出版,SELL,400,9.26,8.71
2013-04-24 14:50:00,601518.XSHG,吉林高速,SELL,8100,2.48,25.07
2013-04-24 14:50:00,601799.XSHG,星宇股份,SELL,1900,11.36,26.77
2013-04-24 14:50:00,000821.XSHE,京山轻机,BUY,100,4.25,5.00
2013-04-24 14:50:00,300094.XSHE,国联水产,BUY,3800,5.38,5.00
2013-04-24 14:50:00,002516.XSHE,旷达科技,BUY,500,7.90,5.00
2013-04-24 14:50:00,002394.XSHE,联发股份,BUY,300,11.65,5.00
2013-04-25 14:50:00,002516.XSHE,旷达科技,BUY,1800,7.82,5.00
2013-04-26 14:50:00,002394.XSHE,联发股份,BUY,1400,11.58,5.00
2013-05-02 14:50:00,002394.XSHE,联发股份,SELL,100,11.72,6.17
2013-05-02 14:50:00,600573.XSHG,惠泉啤酒,BUY,100,5.68,5.00
2013-05-02 14:50:00,300040.XSHE,九洲电气,BUY,400,14.21,5.00
2013-05-03 14:50:00,002394.XSHE,联发股份,SELL,1600,11.81,23.90
2013-05-03 14:50:00,300094.XSHE,国联水产,SELL,100,5.54,5.55
2013-05-03 14:50:00,300040.XSHE,九洲电气,BUY,1000,14.33,5.00
2013-05-06 14:50:00,000821.XSHE,京山轻机,BUY,100,4.23,5.00
2013-05-09 14:50:00,002516.XSHE,旷达科技,SELL,2600,7.94,25.64
2013-05-09 14:50:00,300040.XSHE,九洲电气,SELL,1400,15.05,26.13
2013-05-09 14:50:00,000821.XSHE,京山轻机,BUY,100,4.24,5.00
2013-05-09 14:50:00,300094.XSHE,国联水产,SELL,100,5.98,5.60
2013-05-09 14:50:00,600270.XSHG,外运发展,BUY,1300,7.19,5.00
2013-05-10 14:50:00,600270.XSHG,外运发展,SELL,600,7.15,9.29
2013-05-10 14:50:00,002516.XSHE,旷达科技,BUY,1200,8.19,5.00
2013-05-10 14:50:00,002394.XSHE,联发股份,BUY,1700,11.96,5.00
2013-05-13 14:50:00,002516.XSHE,旷达科技,SELL,100,8.06,5.81
2013-05-13 14:50:00,600270.XSHG,外运发展,BUY,1100,7.24,5.00
2013-05-14 14:50:00,002516.XSHE,旷达科技,SELL,700,7.90,10.53
2013-05-14 14:50:00,300094.XSHE,国联水产,SELL,200,6.35,6.27
2013-05-15 14:50:00,300094.XSHE,国联水产,SELL,3400,6.58,27.73
2013-05-15 14:50:00,600270.XSHG,外运发展,SELL,200,7.08,6.42
2013-05-15 14:50:00,000821.XSHE,京山轻机,BUY,100,4.21,5.00
2013-05-15 14:50:00,002516.XSHE,旷达科技,BUY,2200,8.02,5.00
2013-05-15 14:50:00,601799.XSHG,星宇股份,BUY,1400,12.09,5.00
2013-05-16 14:50:00,601799.XSHG,星宇股份,SELL,1400,12.25,22.15
2013-05-16 14:50:00,600270.XSHG,外运发展,BUY,1300,7.27,5.00
2013-06-06 14:50:00,002516.XSHE,旷达科技,SELL,2600,8.16,26.30
2013-06-06 14:50:00,600573.XSHG,惠泉啤酒,SELL,3600,6.35,28.34
2013-06-06 14:50:00,000821.XSHE,京山轻机,BUY,200,4.23,5.00
2013-06-06 14:50:00,300094.XSHE,国联水产,BUY,3300,5.99,5.00
2013-06-06 14:50:00,002394.XSHE,联发股份,BUY,100,12.04,5.00
2013-06-06 14:50:00,600270.XSHG,外运发展,SELL,100,8.26,5.83
2013-06-06 14:50:00,601718.XSHG,际华集团,BUY,7600,2.94,5.37
2013-06-07 14:50:00,601718.XSHG,际华集团,SELL,7600,2.88,27.10
2013-06-07 14:50:00,300094.XSHE,国联水产,BUY,400,5.89,5.00
2013-06-07 14:50:00,600106.XSHG,重庆路桥,BUY,6400,3.44,5.28
2013-06-13 14:50:00,600106.XSHG,重庆路桥,SELL,3700,3.38,17.52
2013-06-13 14:50:00,600270.XSHG,外运发展,SELL,2800,7.74,26.88
2013-06-13 14:50:00,000821.XSHE,京山轻机,BUY,100,3.95,5.00
2013-06-13 14:50:00,300040.XSHE,九洲电气,BUY,3300,6.42,5.09
2013-06-13 14:50:00,002516.XSHE,旷达科技,BUY,2500,7.73,5.00
2013-06-14 14:50:00,600106.XSHG,重庆路桥,SELL,2300,3.39,12.80
2013-06-14 14:50:00,300040.XSHE,九洲电气,BUY,100,6.34,5.00
2013-06-14 14:50:00,002516.XSHE,旷达科技,BUY,300,7.72,5.00
2013-06-17 14:50:00,600106.XSHG,重庆路桥,SELL,400,3.39,6.36
2013-06-18 14:50:00,300040.XSHE,九洲电气,BUY,100,6.04,5.00
2013-06-19 14:50:00,300094.XSHE,国联水产,SELL,100,5.97,5.60
2013-06-21 14:50:00,002394.XSHE,联发股份,SELL,200,11.20,7.24
2013-06-21 14:50:00,000821.XSHE,京山轻机,BUY,100,3.80,5.00
2013-06-21 14:50:00,600573.XSHG,惠泉啤酒,BUY,1200,6.26,5.00
2013-06-24 14:50:00,600573.XSHG,惠泉啤酒,SELL,1200,5.74,11.89
2013-06-24 14:50:00,600382.XSHG,广东明珠,BUY,1100,6.03,5.00
2013-06-25 14:50:00,002394.XSHE,联发股份,SELL,1600,10.53,21.84
2013-06-25 14:50:00,600382.XSHG,广东明珠,SELL,100,5.85,5.59
2013-06-25 14:50:00,600573.XSHG,惠泉啤酒,BUY,1900,5.49,5.00
2013-06-25 14:50:00,300040.XSHE,九洲电气,BUY,100,5.31,5.00
2013-06-25 14:50:00,002516.XSHE,旷达科技,SELL,100,7.14,5.71
2013-06-25 14:50:00,300094.XSHE,国联水产,BUY,100,5.17,5.00
2013-06-26 14:50:00,600382.XSHG,广东明珠,SELL,200,5.90,6.18
2013-06-26 14:50:00,600573.XSHG,惠泉啤酒,BUY,1600,5.39,5.00
2013-06-27 14:50:00,600382.XSHG,广东明珠,SELL,800,5.85,9.68
2013-06-28 14:50:00,300094.XSHE,国联水产,SELL,1700,5.04,13.58
2013-06-28 14:50:00,300040.XSHE,九洲电气,BUY,100,5.00,5.00
2013-06-28 14:50:00,600353.XSHG,旭光股份,BUY,2500,5.12,5.00
2013-07-01 14:50:00,300094.XSHE,国联水产,SELL,2000,5.09,15.19
2013-07-01 14:50:00,600353.XSHG,旭光股份,BUY,1000,5.33,5.00
2013-07-02 14:50:00,600353.XSHG,旭光股份,SELL,500,5.33,7.67
2013-07-02 14:50:00,000821.XSHE,京山轻机,SELL,100,3.61,5.36
2013-07-02 14:50:00,600573.XSHG,惠泉啤酒,BUY,100,5.37,5.00
2013-07-02 14:50:00,300094.XSHE,国联水产,BUY,1400,5.18,5.00
2013-07-03 14:50:00,600353.XSHG,旭光股份,SELL,3000,5.27,20.82
2013-07-03 14:50:00,000821.XSHE,京山轻机,SELL,300,3.78,6.13
2013-07-03 14:50:00,300094.XSHE,国联水产,BUY,300,5.10,5.00
2013-07-05 14:50:00,002516.XSHE,旷达科技,SELL,100,7.46,5.75
2013-07-08 14:50:00,300040.XSHE,九洲电气,BUY,200,4.77,5.00
2013-07-08 14:50:00,300094.XSHE,国联水产,BUY,200,4.94,5.00
2013-07-09 14:50:00,002516.XSHE,旷达科技,SELL,200,7.33,6.47
2013-07-09 14:50:00,300040.XSHE,九洲电气,BUY,100,4.71,5.00
2013-07-09 14:50:00,002054.XSHE,德美化工,BUY,2300,5.57,5.00
2013-07-10 14:50:00,002516.XSHE,旷达科技,SELL,2400,7.46,22.91
2013-07-10 14:50:00,300094.XSHE,国联水产,BUY,300,5.15,5.00
2013-07-10 14:50:00,002054.XSHE,德美化工,BUY,1000,5.76,5.00
2013-07-11 14:50:00,300040.XSHE,九洲电气,SELL,100,5.14,5.51
2013-07-11 14:50:00,300094.XSHE,国联水产,BUY,1500,5.34,5.00
2013-07-12 14:50:00,000821.XSHE,京山轻机,BUY,100,3.78,5.00
2013-07-15 14:50:00,000821.XSHE,京山轻机,BUY,100,3.72,5.00
2013-07-15 14:50:00,300094.XSHE,国联水产,SELL,100,5.54,5.55
2013-07-16 14:50:00,300094.XSHE,国联水产,SELL,3600,5.55,24.99
2013-07-16 14:50:00,002516.XSHE,旷达科技,BUY,1200,7.72,5.00
2013-07-17 14:50:00,002516.XSHE,旷达科技,BUY,500,7.58,5.00
2013-07-18 14:50:00,002054.XSHE,德美化工,SELL,1400,5.81,13.14
2013-07-18 14:50:00,600573.XSHG,惠泉啤酒,BUY,100,5.33,5.00
2013-07-18 14:50:00,300040.XSHE,九洲电气,SELL,100,5.18,5.52
2013-07-18 14:50:00,002516.XSHE,旷达科技,BUY,800,7.71,5.00
2013-07-19 14:50:00,002516.XSHE,旷达科技,SELL,700,7.85,10.50
2013-07-19 14:50:00,000821.XSHE,京山轻机,BUY,100,3.58,5.00
2013-07-19 14:50:00,002054.XSHE,德美化工,BUY,1500,5.73,5.00
2013-07-19 14:50:00,300094.XSHE,国联水产,BUY,1100,5.40,5.00
2013-07-22 14:50:00,002516.XSHE,旷达科技,SELL,700,7.72,10.40
2013-07-22 14:50:00,300094.XSHE,国联水产,BUY,1900,5.43,5.00
2013-07-23 14:50:00,002516.XSHE,旷达科技,SELL,1100,7.87,13.66
2013-07-23 14:50:00,000821.XSHE,京山轻机,BUY,100,3.64,5.00
2013-07-23 14:50:00,300040.XSHE,九洲电气,SELL,200,5.62,6.12
2013-07-24 14:50:00,000821.XSHE,京山轻机,BUY,100,3.63,5.00
2013-07-24 14:50:00,600573.XSHG,惠泉啤酒,BUY,100,5.34,5.00
2013-07-24 14:50:00,300040.XSHE,九洲电气,SELL,100,5.91,5.59
2013-07-24 14:50:00,300094.XSHE,国联水产,BUY,100,5.56,5.00
2013-07-25 14:50:00,300094.XSHE,国联水产,BUY,400,5.70,5.00
2013-07-26 14:50:00,000821.XSHE,京山轻机,BUY,100,3.57,5.00
2013-07-26 14:50:00,002054.XSHE,德美化工,SELL,100,6.15,5.61
2013-07-29 14:50:00,002054.XSHE,德美化工,SELL,1000,5.99,10.99
2013-07-29 14:50:00,300094.XSHE,国联水产,BUY,100,5.41,5.00
2013-07-29 14:50:00,002516.XSHE,旷达科技,BUY,600,7.69,5.00
2013-07-30 14:50:00,002054.XSHE,德美化工,SELL,2300,5.99,18.78
2013-07-30 14:50:00,300040.XSHE,九洲电气,BUY,100,5.47,5.00
2013-07-30 14:50:00,002516.XSHE,旷达科技,BUY,400,7.68,5.00
2013-07-31 14:50:00,300094.XSHE,国联水产,SELL,3600,5.71,25.56
2013-07-31 14:50:00,002516.XSHE,旷达科技,BUY,100,7.76,5.00
2013-07-31 14:50:00,002054.XSHE,德美化工,BUY,900,6.03,5.00
2013-08-01 14:50:00,002516.XSHE,旷达科技,BUY,300,8.00,5.00
2013-08-01 14:50:00,002054.XSHE,德美化工,BUY,2400,6.16,5.00
2013-08-02 14:50:00,300040.XSHE,九洲电气,SELL,100,5.86,5.59
2013-08-02 14:50:00,002516.XSHE,旷达科技,BUY,1100,8.02,5.00
2013-08-23 14:50:00,002054.XSHE,德美化工,SELL,700,6.89,9.82
2013-08-23 14:50:00,002516.XSHE,旷达科技,SELL,2000,8.33,21.66
2013-08-23 14:50:00,300040.XSHE,九洲电气,BUY,200,5.76,5.00
2013-08-23 14:50:00,600382.XSHG,广东明珠,BUY,800,6.60,5.00
2013-08-23 14:50:00,002003.XSHE,伟星股份,BUY,2300,9.10,5.02
2013-10-31 14:50:00,000821.XSHE,京山轻机,SELL,400,3.81,6.52
2013-10-31 14:50:00,002054.XSHE,德美化工,SELL,1400,6.60,14.24
2013-10-31 14:50:00,002516.XSHE,旷达科技,SELL,500,10.86,10.43
2013-10-31 14:50:00,300040.XSHE,九洲电气,SELL,1500,5.18,12.78
2013-10-31 14:50:00,600382.XSHG,广东明珠,SELL,800,6.52,10.21
2013-10-31 14:50:00,600573.XSHG,惠泉啤酒,SELL,100,5.79,5.58
2013-10-31 14:50:00,600159.XSHG,大龙地产,BUY,6700,3.20,5.14
2013-10-31 14:50:00,002394.XSHE,联发股份,BUY,600,13.37,5.00
2013-11-01 14:50:00,000821.XSHE,京山轻机,SELL,700,3.78,7.65
2013-11-01 14:50:00,002054.XSHE,德美化工,SELL,700,6.64,9.65
2013-11-01 14:50:00,300040.XSHE,九洲电气,SELL,1500,5.23,12.85
2013-11-01 14:50:00,600159.XSHG,大龙地产,BUY,100,3.13,5.00
2013-11-01 14:50:00,002394.XSHE,联发股份,BUY,900,13.61,5.00
2013-11-01 14:50:00,600510.XSHG,黑牡丹,BUY,500,5.98,5.00
2013-11-04 14:50:00,000821.XSHE,京山轻机,SELL,1300,3.78,9.92
2013-11-04 14:50:00,002054.XSHE,德美化工,SELL,500,6.64,8.32
2013-11-04 14:50:00,300040.XSHE,九洲电气,SELL,700,5.26,8.68
2013-11-04 14:50:00,600510.XSHG,黑牡丹,BUY,2000,6.02,5.00
2013-11-05 14:50:00,000821.XSHE,京山轻机,SELL,3300,3.85,17.71
2013-11-05 14:50:00,600159.XSHG,大龙地产,BUY,100,3.11,5.00
2013-11-05 14:50:00,600510.XSHG,黑牡丹,BUY,900,6.22,5.00
2013-11-06 14:50:00,600573.XSHG,惠泉啤酒,SELL,100,5.87,5.59
2013-11-06 14:50:00,002394.XSHE,联发股份,BUY,100,13.23,5.00
2013-11-07 14:50:00,600159.XSHG,大龙地产,BUY,100,2.96,5.00
2013-11-12 14:50:00,600573.XSHG,惠泉啤酒,SELL,100,6.01,5.60
2013-11-12 14:50:00,600159.XSHG,大龙地产,BUY,100,2.98,5.00
2013-11-14 14:50:00,600159.XSHG,大龙地产,BUY,200,2.89,5.00
2013-11-26 14:50:00,600159.XSHG,大龙地产,BUY,100,2.93,5.00
2013-11-26 14:50:00,002394.XSHE,联发股份,SELL,100,14.49,6.45
2013-11-26 14:50:00,600510.XSHG,黑牡丹,BUY,100,6.23,5.00
2013-12-12 14:50:00,002003.XSHE,伟星股份,SELL,2300,10.26,29.26
2013-12-12 14:50:00,002394.XSHE,联发股份,SELL,1500,16.80,31.24
2013-12-12 14:50:00,600573.XSHG,惠泉啤酒,BUY,300,6.10,5.00
2013-12-12 14:50:00,600159.XSHG,大龙地产,BUY,400,2.98,5.00
2013-12-12 14:50:00,000926.XSHE,福星股份,BUY,3100,7.37,5.48
2013-12-12 14:50:00,600510.XSHG,黑牡丹,SELL,100,6.92,5.69
2013-12-12 14:50:00,000089.XSHE,深圳机场,BUY,2400,4.47,5.00
2013-12-16 14:50:00,000089.XSHE,深圳机场,BUY,2100,4.39,5.00
2013-12-17 14:50:00,600510.XSHG,黑牡丹,BUY,100,6.47,5.00
2013-12-17 14:50:00,000089.XSHE,深圳机场,BUY,700,4.32,5.00
2013-12-20 14:50:00,000089.XSHE,深圳机场,SELL,1200,4.20,10.04
2013-12-20 14:50:00,600159.XSHG,大龙地产,SELL,100,2.86,5.29
2013-12-20 14:50:00,002394.XSHE,联发股份,BUY,700,15.63,5.00
2013-12-23 14:50:00,000089.XSHE,深圳机场,SELL,4000,4.16,21.64
2013-12-23 14:50:00,002394.XSHE,联发股份,BUY,700,15.63,5.00
2013-12-26 14:50:00,002394.XSHE,联发股份,SELL,1400,16.06,27.88
2013-12-26 14:50:00,600510.XSHG,黑牡丹,BUY,100,6.07,5.00
2013-12-26 14:50:00,000089.XSHE,深圳机场,BUY,3700,4.30,5.00
2013-12-27 14:50:00,000089.XSHE,深圳机场,SELL,3700,4.24,20.68
2013-12-27 14:50:00,002394.XSHE,联发股份,BUY,1300,16.88,5.27
2013-12-30 14:50:00,002394.XSHE,联发股份,SELL,1300,16.67,26.87
2013-12-31 14:50:00,000089.XSHE,深圳机场,BUY,1400,4.36,5.00
2014-01-02 14:50:00,000089.XSHE,深圳机场,SELL,600,4.32,7.59
2014-01-02 14:50:00,002394.XSHE,联发股份,BUY,400,16.66,5.00
2014-01-02 14:50:00,000916.XSHE,华北高速,BUY,4700,3.58,5.00
2014-01-03 14:50:00,000926.XSHE,福星股份,SELL,700,7.07,9.95
2014-01-03 14:50:00,002394.XSHE,联发股份,BUY,300,15.93,5.00
2014-01-06 14:50:00,000089.XSHE,深圳机场,SELL,800,4.27,8.41
2014-01-06 14:50:00,000926.XSHE,福星股份,SELL,2400,6.89,21.52
2014-01-06 14:50:00,600573.XSHG,惠泉啤酒,SELL,100,5.78,5.58
2014-01-06 14:50:00,002394.XSHE,联发股份,BUY,700,15.02,5.00
2014-01-06 14:50:00,000916.XSHE,华北高速,BUY,1200,3.56,5.00
2014-01-06 14:50:00,600510.XSHG,黑牡丹,BUY,100,5.61,5.00
2014-01-07 14:50:00,000916.XSHE,华北高速,SELL,5900,3.46,25.43
2014-01-07 14:50:00,002394.XSHE,联发股份,SELL,1400,15.04,26.12
2014-01-07 14:50:00,600510.XSHG,黑牡丹,SELL,3000,5.58,21.75
2014-01-07 14:50:00,002082.XSHE,万邦德,BUY,2800,7.39,5.00
2014-01-07 14:50:00,002003.XSHE,伟星股份,BUY,2100,9.90,5.00
2014-01-07 14:50:00,002454.XSHE,松芝股份,BUY,2000,10.16,5.00
2014-01-08 14:50:00,600510.XSHG,黑牡丹,SELL,700,5.52,8.87
2014-01-08 14:50:00,600573.XSHG,惠泉啤酒,SELL,100,5.75,5.58
2014-01-13 14:50:00,002003.XSHE,伟星股份,SELL,2000,10.12,25.24
2014-01-13 14:50:00,002394.XSHE,联发股份,BUY,1400,14.29,5.00
2014-01-13 14:50:00,000159.XSHE,国际实业,BUY,900,6.42,5.00
2014-01-14 14:50:00,002003.XSHE,伟星股份,SELL,100,10.35,6.03
2014-01-14 14:50:00,002454.XSHE,松芝股份,SELL,2000,10.09,25.18
2014-01-14 14:50:00,600159.XSHG,大龙地产,BUY,100,2.65,5.00
2014-01-14 14:50:00,000159.XSHE,国际实业,BUY,600,6.54,5.00
2014-01-15 14:50:00,000159.XSHE,国际实业,SELL,1500,6.68,15.01
2014-01-15 14:50:00,002454.XSHE,松芝股份,BUY,2000,10.29,5.00
2014-01-17 14:50:00,002454.XSHE,松芝股份,SELL,100,10.12,6.01
2014-01-17 14:50:00,002082.XSHE,万邦德,BUY,100,7.13,5.00
2014-01-17 14:50:00,000916.XSHE,华北高速,BUY,1800,3.85,5.00
2014-01-20 14:50:00,000916.XSHE,华北高速,SELL,300,3.80,6.14
2014-01-20 14:50:00,002454.XSHE,松芝股份,BUY,100,10.24,5.00
2014-01-21 14:50:00,000916.XSHE,华北高速,SELL,1500,3.76,10.64
2014-01-22 14:50:00,002454.XSHE,松芝股份,SELL,2000,10.45,25.91
2014-01-22 14:50:00,600159.XSHG,大龙地产,SELL,200,2.82,5.56
2014-01-22 14:50:00,002478.XSHE,常宝股份,BUY,2200,9.42,5.00
2014-01-23 14:50:00,002478.XSHE,常宝股份,SELL,2100,9.39,24.72
2014-01-23 14:50:00,600510.XSHG,黑牡丹,BUY,3800,5.55,5.06
2014-01-24 14:50:00,002478.XSHE,常宝股份,SELL,100,9.42,5.94
2014-01-24 14:50:00,600159.XSHG,大龙地产,SELL,100,2.89,5.29
2014-01-27 14:50:00,600510.XSHG,黑牡丹,BUY,100,5.56,5.00
2014-01-28 14:50:00,000916.XSHE,华北高速,BUY,1000,3.98,5.00
2014-01-29 14:50:00,600510.XSHG,黑牡丹,SELL,3200,5.54,22.73
2014-01-30 14:50:00,600510.XSHG,黑牡丹,BUY,100,5.57,5.00
2014-02-07 14:50:00,600159.XSHG,大龙地产,BUY,100,2.84,5.00
2014-02-07 14:50:00,000916.XSHE,华北高速,BUY,2200,4.11,5.00
2014-02-10 14:50:00,002082.XSHE,万邦德,SELL,2100,7.87,21.53
2014-02-10 14:50:00,600159.XSHG,大龙地产,BUY,100,2.90,5.00
2014-02-10 14:50:00,600510.XSHG,黑牡丹,BUY,2100,5.73,5.00
2014-02-10 14:50:00,000916.XSHE,华北高速,BUY,2000,4.24,5.00
2014-02-18 14:50:00,002082.XSHE,万邦德,SELL,800,8.07,11.46
2014-02-18 14:50:00,600510.XSHG,黑牡丹,BUY,1000,5.86,5.00
2014-02-18 14:50:00,000916.XSHE,华北高速,SELL,100,4.49,5.45
2014-02-19 14:50:00,600573.XSHG,惠泉啤酒,SELL,100,6.69,5.67
2014-02-19 14:50:00,600159.XSHG,大龙地产,BUY,100,3.02,5.00
2014-02-19 14:50:00,000916.XSHE,华北高速,SELL,100,4.69,5.47
2014-02-20 14:50:00,000916.XSHE,华北高速,SELL,5000,4.65,28.81
2014-02-20 14:50:00,600573.XSHG,惠泉啤酒,SELL,3500,6.66,28.89
2014-02-20 14:50:00,002394.XSHE,联发股份,BUY,100,15.41,5.00
2014-02-20 14:50:00,000926.XSHE,福星股份,BUY,3100,7.35,5.47
2014-02-20 14:50:00,601339.XSHG,百隆东方,BUY,2200,10.06,5.31
2014-02-24 14:50:00,601339.XSHG,百隆东方,SELL,2200,9.67,26.38
2014-02-24 14:50:00,000916.XSHE,华北高速,BUY,5200,4.21,5.26
2014-02-24 14:50:00,000926.XSHE,福星股份,BUY,100,6.83,5.00
2014-02-25 14:50:00,000926.XSHE,福星股份,SELL,3200,6.65,26.37
2014-02-25 14:50:00,002394.XSHE,联发股份,SELL,100,15.64,6.56
2014-02-25 14:50:00,600510.XSHG,黑牡丹,BUY,200,5.30,5.00
2014-02-25 14:50:00,000916.XSHE,华北高速,BUY,100,4.10,5.00
2014-02-25 14:50:00,601339.XSHG,百隆东方,BUY,2300,9.42,5.20
2014-02-26 14:50:00,600159.XSHG,大龙地产,BUY,200,2.79,5.00
2014-02-26 14:50:00,000916.XSHE,华北高速,SELL,200,4.43,5.89
2014-02-27 14:50:00,000916.XSHE,华北高速,SELL,200,4.53,5.91
2014-02-27 14:50:00,601339.XSHG,百隆东方,BUY,100,9.28,5.00
2014-02-28 14:50:00,600510.XSHG,黑牡丹,BUY,100,5.36,5.00
2014-03-03 14:50:00,000916.XSHE,华北高速,SELL,4900,4.58,27.81
2014-03-03 14:50:00,000623.XSHE,吉林敖东,BUY,1300,16.43,5.13
2014-03-04 14:50:00,000623.XSHE,吉林敖东,SELL,1300,16.29,26.26
2014-03-04 14:50:00,000916.XSHE,华北高速,BUY,3800,4.80,5.00
2014-03-05 14:50:00,000916.XSHE,华北高速,SELL,3800,4.74,23.00
2014-03-05 14:50:00,600159.XSHG,大龙地产,SELL,100,2.84,5.28
2014-03-05 14:50:00,000623.XSHE,吉林敖东,BUY,1300,16.25,5.07
2014-03-06 14:50:00,600159.XSHG,大龙地产,SELL,100,2.92,5.29
2014-03-10 14:50:00,600159.XSHG,大龙地产,SELL,100,2.79,5.28
2014-03-11 14:50:00,000623.XSHE,吉林敖东,SELL,1300,15.45,25.09
2014-03-11 14:50:00,600573.XSHG,惠泉啤酒,BUY,3400,6.34,5.17
2014-03-11 14:50:00,600510.XSHG,黑牡丹,SELL,100,5.24,5.52
2014-03-12 14:50:00,600573.XSHG,惠泉啤酒,BUY,100,6.31,5.00
2014-03-12 14:50:00,600159.XSHG,大龙地产,SELL,600,3.08,6.85
2014-03-13 14:50:00,600159.XSHG,大龙地产,BUY,100,3.04,5.00
2014-03-14 14:50:00,600159.XSHG,大龙地产,BUY,200,2.92,5.00
2014-03-18 14:50:00,600159.XSHG,大龙地产,BUY,100,2.95,5.00
2014-03-19 14:50:00,600573.XSHG,惠泉啤酒,SELL,1600,6.60,15.55
2014-03-19 14:50:00,000623.XSHE,吉林敖东,BUY,1000,15.58,5.00
2014-03-20 14:50:00,600573.XSHG,惠泉啤酒,SELL,1900,6.49,17.33
2014-03-20 14:50:00,600159.XSHG,大龙地产,SELL,100,2.98,5.30
2014-03-20 14:50:00,000623.XSHE,吉林敖东,BUY,400,15.34,5.00
2014-03-25 14:50:00,000623.XSHE,吉林敖东,SELL,1400,15.73,27.31
2014-03-25 14:50:00,600159.XSHG,大龙地产,SELL,200,3.93,5.79
2014-03-25 14:50:00,002394.XSHE,联发股份,BUY,100,15.15,5.00
2014-03-25 14:50:00,600510.XSHG,黑牡丹,BUY,100,5.63,5.00
2014-03-25 14:50:00,601339.XSHG,百隆东方,BUY,100,9.43,5.00
2014-03-25 14:50:00,600219.XSHG,南山铝业,BUY,3300,5.04,5.00
2014-03-26 14:50:00,600159.XSHG,大龙地产,SELL,7200,3.79,33.85
2014-03-26 14:50:00,000655.XSHE,金岭矿业,BUY,3300,6.99,5.54
2014-03-26 14:50:00,600219.XSHG,南山铝业,BUY,1400,4.99,5.00
2014-03-27 14:50:00,000655.XSHE,金岭矿业,BUY,100,6.81,5.00
2014-03-31 14:50:00,600219.XSHG,南山铝业,SELL,800,4.91,8.92
2014-03-31 14:50:00,601339.XSHG,百隆东方,SELL,2500,8.96,27.76
2014-03-31 14:50:00,600573.XSHG,惠泉啤酒,BUY,2500,6.45,5.00
2014-04-01 14:50:00,000655.XSHE,金岭矿业,SELL,3400,6.96,29.32
2014-04-01 14:50:00,600219.XSHG,南山铝业,SELL,1400,4.91,11.87
2014-04-01 14:50:00,600573.XSHG,惠泉啤酒,SELL,2300,6.45,19.83
2014-04-01 14:50:00,600302.XSHG,标准股份,BUY,3400,4.45,5.00
2014-04-01 14:50:00,600159.XSHG,大龙地产,BUY,6000,3.66,5.27
2014-04-01 14:50:00,600106.XSHG,重庆路桥,BUY,5900,3.88,5.49
2014-04-02 14:50:00,600106.XSHG,重庆路桥,SELL,2000,3.83,12.66
2014-04-02 14:50:00,600159.XSHG,大龙地产,SELL,2800,4.01,16.23
2014-04-02 14:50:00,600573.XSHG,惠泉啤酒,SELL,200,6.39,6.28
2014-04-02 14:50:00,600302.XSHG,标准股份,BUY,1800,4.51,5.00
2014-04-02 14:50:00,002394.XSHE,联发股份,BUY,100,14.57,5.00
2014-04-02 14:50:00,601339.XSHG,百隆东方,BUY,600,9.17,5.00
2014-04-02 14:50:00,600219.XSHG,南山铝业,BUY,1500,5.01,5.00
2014-04-03 14:50:00,600106.XSHG,重庆路桥,SELL,3900,3.79,19.78
2014-04-03 14:50:00,600159.XSHG,大龙地产,SELL,3200,3.80,17.16
2014-04-03 14:50:00,601339.XSHG,百隆东方,BUY,1900,9.25,5.00
2014-04-03 14:50:00,600219.XSHG,南山铝业,BUY,600,4.99,5.00
2014-04-04 14:50:00,600219.XSHG,南山铝业,SELL,4600,4.97,28.32
2014-04-04 14:50:00,600106.XSHG,重庆路桥,BUY,3500,3.81,5.00
2014-05-20 14:50:00,002394.XSHE,联发股份,SELL,300,14.09,9.23
2014-05-20 14:50:00,601339.XSHG,百隆东方,SELL,400,8.20,8.28
2014-05-20 14:50:00,002082.XSHE,万邦德,BUY,1500,7.31,5.00
2014-05-20 14:50:00,002003.XSHE,伟星股份,BUY,100,7.78,5.00
2014-05-20 14:50:00,600106.XSHG,重庆路桥,BUY,2500,3.68,5.00
2014-05-20 14:50:00,601890.XSHG,亚星锚链,BUY,300,7.19,5.00
2014-05-22 14:50:00,002003.XSHE,伟星股份,SELL,100,7.79,5.78
2014-05-22 14:50:00,002394.XSHE,联发股份,SELL,1300,14.13,23.37
2014-05-22 14:50:00,600302.XSHG,标准股份,SELL,200,4.40,5.88
2014-05-22 14:50:00,601339.XSHG,百隆东方,SELL,700,8.05,10.63
2014-05-22 14:50:00,002082.XSHE,万邦德,BUY,500,7.32,5.00
2014-05-22 14:50:00,601890.XSHG,亚星锚链,BUY,2200,7.19,5.00
2014-05-22 14:50:00,000926.XSHE,福星股份,BUY,600,6.54,5.00
2014-05-23 14:50:00,600302.XSHG,标准股份,SELL,1400,4.38,11.13
2014-05-23 14:50:00,002082.XSHE,万邦德,BUY,1000,7.28,5.00
2014-05-23 14:50:00,601890.XSHG,亚星锚链,BUY,100,7.16,5.00
2014-05-26 14:50:00,600302.XSHG,标准股份,SELL,3600,4.42,20.90
2014-05-26 14:50:00,601339.XSHG,百隆东方,SELL,300,8.10,7.43
2014-05-26 14:50:00,601890.XSHG,亚星锚链,BUY,500,7.25,5.00
2014-05-26 14:50:00,000926.XSHE,福星股份,BUY,2300,6.60,5.00
2014-05-27 14:50:00,601339.XSHG,百隆东方,SELL,1100,8.12,13.93
2014-05-27 14:50:00,000926.XSHE,福星股份,BUY,500,6.58,5.00
2014-05-30 14:50:00,000926.XSHE,福星股份,SELL,2400,6.49,20.57
2014-05-30 14:50:00,002003.XSHE,伟星股份,BUY,2800,7.76,5.21
2014-05-30 14:50:00,601890.XSHG,亚星锚链,SELL,100,7.39,5.74
2014-06-03 14:50:00,000926.XSHE,福星股份,SELL,200,6.45,6.29
2014-06-03 14:50:00,601890.XSHG,亚星锚链,SELL,100,7.70,5.77
2014-06-04 14:50:00,000926.XSHE,福星股份,SELL,800,6.36,10.09
2014-06-04 14:50:00,002003.XSHE,伟星股份,BUY,100,7.61,5.00
2014-06-04 14:50:00,600106.XSHG,重庆路桥,BUY,100,3.61,5.00
2014-06-11 14:50:00,601890.XSHG,亚星锚链,SELL,100,7.98,5.80
2014-06-25 14:50:00,600106.XSHG,重庆路桥,BUY,200,3.46,5.00
2014-06-25 14:50:00,601890.XSHG,亚星锚链,BUY,100,7.52,5.00
2014-06-26 14:50:00,000655.XSHE,金岭矿业,BUY,900,6.92,5.00
2014-06-27 14:50:00,000655.XSHE,金岭矿业,SELL,900,6.83,11.14
2014-07-11 14:50:00,002003.XSHE,伟星股份,SELL,100,7.96,5.80
2014-07-11 14:50:00,002082.XSHE,万邦德,SELL,3000,7.64,28.43
2014-07-11 14:50:00,601890.XSHG,亚星锚链,SELL,2900,8.25,29.66
2014-07-11 14:50:00,600106.XSHG,重庆路桥,BUY,300,3.52,5.00
2014-07-11 14:50:00,000926.XSHE,福星股份,BUY,700,6.56,5.00
2014-07-11 14:50:00,601339.XSHG,百隆东方,BUY,1500,8.13,5.00
2014-07-11 14:50:00,601718.XSHG,际华集团,BUY,8900,2.60,5.56
2014-09-17 14:50:00,000926.XSHE,福星股份,SELL,700,7.29,10.11
2014-09-17 14:50:00,002003.XSHE,伟星股份,SELL,2800,8.89,30.85
2014-09-17 14:50:00,600106.XSHG,重庆路桥,SELL,6600,4.63,37.87
2014-09-17 14:50:00,601339.XSHG,百隆东方,SELL,600,9.08,10.45
2014-09-17 14:50:00,002394.XSHE,联发股份,BUY,1400,10.48,5.00
2014-09-17 14:50:00,600510.XSHG,黑牡丹,BUY,700,7.28,5.00
2014-09-17 14:50:00,601718.XSHG,际华集团,BUY,800,3.69,5.00
2014-09-17 14:50:00,000623.XSHE,吉林敖东,BUY,2000,17.25,8.28
2014-09-18 14:50:00,601339.XSHG,百隆东方,SELL,900,9.10,13.19
2014-09-18 14:50:00,002394.XSHE,联发股份,BUY,2000,10.49,5.04
2014-10-23 14:50:00,000623.XSHE,吉林敖东,SELL,2000,19.92,49.40
2014-10-23 14:50:00,600510.XSHG,黑牡丹,SELL,4200,6.62,34.46
2014-10-23 14:50:00,601718.XSHG,际华集团,SELL,9700,4.63,55.65
2014-10-23 14:50:00,002394.XSHE,联发股份,BUY,900,10.27,5.00
2014-10-23 14:50:00,600106.XSHG,重庆路桥,BUY,17300,4.45,18.49
2014-10-24 14:50:00,600510.XSHG,黑牡丹,SELL,100,6.59,5.66
2014-10-24 14:50:00,002394.XSHE,联发股份,BUY,3200,10.27,7.89
2014-10-27 14:50:00,600510.XSHG,黑牡丹,SELL,600,6.67,9.00
2014-10-27 14:50:00,002394.XSHE,联发股份,BUY,100,10.22,5.00
2014-10-27 14:50:00,600106.XSHG,重庆路桥,SELL,200,4.53,5.91
2014-10-28 14:50:00,002394.XSHE,联发股份,SELL,5700,10.41,73.56
2014-10-28 14:50:00,000926.XSHE,福星股份,BUY,8900,7.53,16.08
2014-10-29 14:50:00,002394.XSHE,联发股份,SELL,1900,10.53,25.00
2014-10-29 14:50:00,600106.XSHG,重庆路桥,SELL,100,4.68,5.47
2014-10-29 14:50:00,000926.XSHE,福星股份,BUY,1600,7.64,5.00
2015-02-02 14:50:00,600106.XSHG,重庆路桥,SELL,17000,5.81,122.49
2015-02-02 14:50:00,000926.XSHE,福星股份,BUY,9400,10.21,23.04
2015-06-16 14:50:00,000926.XSHE,福星股份,SELL,19900,18.31,451.77
2015-07-03 14:50:00,000809.XSHE,*ST新城,BUY,700,8.39,5.00
2015-07-06 14:50:00,000809.XSHE,*ST新城,BUY,45200,7.83,84.93
2015-07-08 14:50:00,000623.XSHE,吉林敖东,BUY,600,24.55,5.00
2015-07-09 14:50:00,000809.XSHE,*ST新城,SELL,100,6.74,5.67
2015-07-10 14:50:00,000809.XSHE,*ST新城,SELL,1400,7.41,15.38
2015-07-13 14:50:00,000623.XSHE,吉林敖东,SELL,600,32.36,24.41
2015-07-13 14:50:00,000809.XSHE,*ST新城,SELL,1000,8.16,13.16
2015-07-14 14:50:00,000809.XSHE,*ST新城,SELL,20400,8.31,210.17
2015-07-15 14:50:00,000809.XSHE,*ST新城,BUY,1300,7.50,5.00
2015-07-16 14:50:00,000809.XSHE,*ST新城,SELL,100,7.49,5.75
2015-07-17 14:50:00,000809.XSHE,*ST新城,SELL,800,8.03,11.42
2015-07-20 14:50:00,000809.XSHE,*ST新城,SELL,200,8.12,6.62
2015-07-21 14:50:00,000809.XSHE,*ST新城,SELL,100,8.19,5.82
2015-07-22 14:50:00,000809.XSHE,*ST新城,SELL,200,8.33,6.67
2015-07-23 14:50:00,000809.XSHE,*ST新城,SELL,500,8.75,9.37
2015-07-24 14:50:00,000809.XSHE,*ST新城,BUY,200,8.56,5.00
2015-07-27 14:50:00,000809.XSHE,*ST新城,BUY,1400,7.69,5.00
2015-07-28 14:50:00,000809.XSHE,*ST新城,BUY,600,7.31,5.00
2015-07-29 14:50:00,000809.XSHE,*ST新城,SELL,500,7.59,8.80
2015-07-30 14:50:00,000809.XSHE,*ST新城,SELL,400,7.86,8.14
2015-07-31 14:50:00,000809.XSHE,*ST新城,SELL,7600,7.59,71.55
2015-07-31 14:50:00,000623.XSHE,吉林敖东,BUY,4300,28.04,28.94
2015-08-03 14:50:00,000809.XSHE,*ST新城,BUY,300,7.28,5.00
2015-08-04 14:50:00,000809.XSHE,*ST新城,SELL,400,7.83,8.13
2015-08-05 14:50:00,000623.XSHE,吉林敖东,SELL,4300,28.65,152.74
2015-08-05 14:50:00,000809.XSHE,*ST新城,BUY,7700,7.89,14.58
2015-08-06 14:50:00,000809.XSHE,*ST新城,SELL,7600,7.64,72.01
2015-08-06 14:50:00,000623.XSHE,吉林敖东,BUY,4300,28.20,29.10
2015-08-07 14:50:00,000809.XSHE,*ST新城,SELL,200,7.84,6.57
2015-08-10 14:50:00,000623.XSHE,吉林敖东,SELL,4300,30.77,164.04
2015-08-10 14:50:00,000809.XSHE,*ST新城,BUY,7400,8.38,14.89
2015-08-11 14:50:00,000809.XSHE,*ST新城,SELL,100,8.38,5.84
2015-08-12 14:50:00,000809.XSHE,*ST新城,BUY,100,8.31,5.00
2015-08-13 14:50:00,000809.XSHE,*ST新城,SELL,100,8.41,5.84
2015-08-14 14:50:00,000809.XSHE,*ST新城,SELL,200,8.56,6.71
2015-08-17 14:50:00,000809.XSHE,*ST新城,SELL,1100,9.42,15.36
2015-08-19 14:50:00,000809.XSHE,*ST新城,BUY,700,8.86,5.00
2015-08-20 14:50:00,000809.XSHE,*ST新城,BUY,700,8.40,5.00
2015-08-21 14:50:00,000809.XSHE,*ST新城,BUY,600,7.96,5.00
2015-08-24 14:50:00,000623.XSHE,吉林敖东,BUY,500,25.96,5.00
2015-08-25 14:50:00,000623.XSHE,吉林敖东,BUY,1100,23.37,6.17
2015-08-26 14:50:00,000809.XSHE,*ST新城,SELL,5900,6.28,45.93
2015-08-26 14:50:00,002394.XSHE,联发股份,BUY,10000,11.38,27.30
2015-08-26 14:50:00,000623.XSHE,吉林敖东,BUY,3400,22.51,18.37
2015-08-31 14:50:00,000809.XSHE,*ST新城,SELL,18000,6.84,152.57
2015-08-31 14:50:00,002394.XSHE,联发股份,SELL,4700,12.11,70.57
2015-08-31 14:50:00,000623.XSHE,吉林敖东,BUY,8000,24.78,47.58
2015-09-01 14:50:00,000623.XSHE,吉林敖东,SELL,5600,24.39,169.35
2015-09-02 14:50:00,002394.XSHE,联发股份,BUY,9400,11.62,26.21
2015-09-07 14:50:00,002394.XSHE,联发股份,BUY,600,11.78,5.00
2015-09-08 14:50:00,002394.XSHE,联发股份,SELL,200,12.44,7.49
2015-09-08 14:50:00,000623.XSHE,吉林敖东,BUY,100,25.07,5.00
2015-09-09 14:50:00,002394.XSHE,联发股份,SELL,10100,12.72,159.26
2015-09-09 14:50:00,000623.XSHE,吉林敖东,BUY,5700,25.73,35.20
2015-09-10 14:50:00,002394.XSHE,联发股份,SELL,5000,12.44,77.11
2015-09-10 14:50:00,000623.XSHE,吉林敖东,BUY,1700,25.16,10.26
2015-09-14 14:50:00,000623.XSHE,吉林敖东,BUY,100,22.81,5.00
2015-09-15 14:50:00,002394.XSHE,联发股份,BUY,1700,11.00,5.00
2015-09-15 14:50:00,000623.XSHE,吉林敖东,SELL,7400,21.95,201.41
2015-09-16 14:50:00,002394.XSHE,联发股份,BUY,12700,12.09,36.85
2015-09-16 14:50:00,000623.XSHE,吉林敖东,SELL,400,24.03,14.61
2015-09-21 14:50:00,002394.XSHE,联发股份,SELL,100,12.15,6.21
2015-09-23 14:50:00,002394.XSHE,联发股份,BUY,100,12.04,5.00
2015-09-24 14:50:00,002394.XSHE,联发股份,SELL,100,12.15,6.21
2015-09-25 14:50:00,000623.XSHE,吉林敖东,BUY,100,23.01,5.00
2015-09-28 14:50:00,002394.XSHE,联发股份,SELL,100,11.98,6.20
2015-09-29 14:50:00,002394.XSHE,联发股份,BUY,300,11.57,5.00
2015-10-09 14:50:00,002394.XSHE,联发股份,SELL,9000,12.16,135.69
2015-10-09 14:50:00,000623.XSHE,吉林敖东,BUY,5200,24.76,30.90
2015-10-12 14:50:00,002394.XSHE,联发股份,SELL,3600,12.76,56.94
2015-10-12 14:50:00,000623.XSHE,吉林敖东,BUY,1700,26.00,10.61
2015-10-13 14:50:00,002394.XSHE,联发股份,SELL,1900,12.70,29.91
2015-10-13 14:50:00,000623.XSHE,吉林敖东,BUY,200,25.83,5.00
2015-12-22 14:50:00,000623.XSHE,吉林敖东,SELL,14400,32.33,577.24
2016-01-27 14:50:00,600891.XSHG,秋林集团,BUY,1100,6.41,5.00
2016-01-27 14:50:00,000685.XSHE,中山公用,BUY,4600,10.43,11.52
2016-01-27 14:50:00,000581.XSHE,威孚高科,BUY,9000,16.99,36.71
2016-01-28 14:50:00,600891.XSHG,秋林集团,BUY,12900,6.14,19.01
2016-01-28 14:50:00,000685.XSHE,中山公用,BUY,10400,9.93,24.78
2016-01-28 14:50:00,000581.XSHE,威孚高科,BUY,200,16.33,5.00
2016-01-29 14:50:00,600891.XSHG,秋林集团,BUY,1500,6.37,5.00
2016-02-01 14:50:00,000685.XSHE,中山公用,BUY,500,10.12,5.00
2016-02-01 14:50:00,000581.XSHE,威孚高科,BUY,100,16.88,5.00
2016-02-02 14:50:00,600891.XSHG,秋林集团,SELL,5500,7.14,48.72
2016-02-02 14:50:00,600060.XSHG,海信电器,BUY,7000,14.10,23.69
2016-02-03 14:50:00,600060.XSHG,海信电器,SELL,7000,14.12,122.55
2016-02-03 14:50:00,600891.XSHG,秋林集团,SELL,10000,7.08,87.85
2016-02-03 14:50:00,000685.XSHE,中山公用,BUY,7800,10.30,19.28
2016-02-03 14:50:00,000581.XSHE,威孚高科,BUY,4600,17.26,19.05
2016-02-15 14:50:00,000685.XSHE,中山公用,SELL,100,10.10,6.01
2016-02-15 14:50:00,000581.XSHE,威孚高科,BUY,100,16.87,5.00
2016-02-16 14:50:00,000685.XSHE,中山公用,SELL,100,10.50,6.05
2016-02-18 14:50:00,000581.XSHE,威孚高科,SELL,6800,17.45,147.16
2016-02-18 14:50:00,000685.XSHE,中山公用,BUY,13500,10.70,34.68
2016-02-19 14:50:00,000685.XSHE,中山公用,SELL,13600,10.61,178.87
2016-02-19 14:50:00,000581.XSHE,威孚高科,BUY,6700,17.60,28.30
2016-02-22 14:50:00,000581.XSHE,威孚高科,SELL,13900,18.69,322.07
2016-02-22 14:50:00,000685.XSHE,中山公用,BUY,20300,11.13,54.20
2016-02-23 14:50:00,000685.XSHE,中山公用,SELL,6100,10.95,82.79
2016-02-24 14:50:00,000685.XSHE,中山公用,SELL,26300,11.08,361.48
2016-02-25 14:50:00,000685.XSHE,中山公用,SELL,7400,10.28,94.31
2016-02-26 14:50:00,000685.XSHE,中山公用,BUY,12100,10.82,31.43
2016-02-26 14:50:00,000581.XSHE,威孚高科,BUY,9600,17.46,40.22
2016-02-26 14:50:00,600060.XSHG,海信电器,BUY,8100,13.83,26.88
2016-02-29 14:50:00,600060.XSHG,海信电器,SELL,8100,12.83,128.82
2016-02-29 14:50:00,000685.XSHE,中山公用,BUY,7700,10.21,18.87
2016-02-29 14:50:00,000581.XSHE,威孚高科,BUY,5100,16.19,19.82
2016-03-01 14:50:00,600891.XSHG,秋林集团,BUY,700,6.85,5.00
2016-03-01 14:50:00,000685.XSHE,中山公用,SELL,11700,10.45,151.57
2016-03-01 14:50:00,000581.XSHE,威孚高科,SELL,5000,16.32,101.17
2016-03-01 14:50:00,600060.XSHG,海信电器,BUY,9200,13.16,29.05
2016-03-02 14:50:00,600891.XSHG,秋林集团,SELL,700,7.13,9.99
2016-03-02 14:50:00,000685.XSHE,中山公用,BUY,3600,11.11,9.59
2016-03-02 14:50:00,600060.XSHG,海信电器,BUY,2800,14.05,9.44
2016-03-03 14:50:00,000685.XSHE,中山公用,SELL,15200,10.99,207.23
2016-03-03 14:50:00,600060.XSHG,海信电器,SELL,12000,14.00,208.31
2016-03-03 14:50:00,000581.XSHE,威孚高科,BUY,8800,17.25,36.42
2016-03-09 14:50:00,000581.XSHE,威孚高科,SELL,8800,17.61,192.18
2016-03-09 14:50:00,000685.XSHE,中山公用,BUY,2100,10.80,5.45
2016-03-10 14:50:00,000581.XSHE,威孚高科,SELL,9700,17.62,211.95
2016-03-10 14:50:00,000685.XSHE,中山公用,BUY,14100,10.57,35.78
2016-05-05 14:50:00,000685.XSHE,中山公用,SELL,11400,10.85,153.31
2016-05-05 14:50:00,600350.XSHG,山东高速,BUY,18600,5.71,25.48
2016-05-05 14:50:00,600583.XSHG,海油工程,BUY,34400,7.49,61.81
2016-05-06 14:50:00,000685.XSHE,中山公用,SELL,4800,10.49,62.42
2016-05-06 14:50:00,600350.XSHG,山东高速,BUY,13900,5.53,18.44
2016-05-06 14:50:00,600583.XSHG,海油工程,BUY,300,7.18,5.00
2016-05-09 14:50:00,600350.XSHG,山东高速,BUY,12400,5.44,16.18
2016-05-09 14:50:00,600583.XSHG,海油工程,BUY,300,6.96,5.00
2016-05-10 14:50:00,600350.XSHG,山东高速,BUY,700,5.28,5.00
2016-05-10 14:50:00,600583.XSHG,海油工程,SELL,400,6.90,7.76
2016-05-11 14:50:00,600350.XSHG,山东高速,SELL,100,5.31,5.53
2016-05-12 14:50:00,600350.XSHG,山东高速,SELL,300,5.34,6.60
2016-05-12 14:50:00,600583.XSHG,海油工程,BUY,300,6.96,5.00
2016-05-13 14:50:00,600350.XSHG,山东高速,SELL,200,5.33,6.07
2016-05-13 14:50:00,600583.XSHG,海油工程,BUY,100,6.90,5.00
2016-05-16 14:50:00,600350.XSHG,山东高速,BUY,100,5.37,5.00
2016-05-17 14:50:00,600350.XSHG,山东高速,BUY,500,5.36,5.00
2016-05-17 14:50:00,600583.XSHG,海油工程,SELL,400,7.01,7.81
2016-05-18 14:50:00,600350.XSHG,山东高速,BUY,400,5.24,5.00
2016-05-18 14:50:00,600583.XSHG,海油工程,SELL,300,6.96,7.09
2016-05-19 14:50:00,600350.XSHG,山东高速,SELL,100,5.19,5.52
2016-05-19 14:50:00,600583.XSHG,海油工程,BUY,100,6.98,5.00
2016-05-20 14:50:00,600350.XSHG,山东高速,SELL,300,5.24,6.57
2016-05-20 14:50:00,600583.XSHG,海油工程,BUY,200,6.97,5.00
2016-05-23 14:50:00,600350.XSHG,山东高速,BUY,100,5.30,5.00
2016-05-23 14:50:00,600583.XSHG,海油工程,SELL,100,6.96,5.70
2016-05-24 14:50:00,600350.XSHG,山东高速,BUY,100,5.22,5.00
2016-05-26 14:50:00,600350.XSHG,山东高速,BUY,300,5.20,5.00
2016-05-26 14:50:00,600583.XSHG,海油工程,SELL,200,6.94,6.39
2016-05-27 14:50:00,600350.XSHG,山东高速,SELL,100,5.17,5.52
2016-05-30 14:50:00,600350.XSHG,山东高速,SELL,100,5.15,5.52
2016-05-30 14:50:00,600583.XSHG,海油工程,BUY,100,6.94,5.00
2016-05-31 14:50:00,600350.XSHG,山东高速,BUY,200,5.38,5.00
2016-05-31 14:50:00,600583.XSHG,海油工程,SELL,200,7.19,6.44
2016-06-13 14:50:00,600350.XSHG,山东高速,BUY,400,5.16,5.00
2016-06-13 14:50:00,600583.XSHG,海油工程,BUY,900,6.84,5.00
2016-06-14 14:50:00,600350.XSHG,山东高速,BUY,100,5.15,5.00
2016-06-15 14:50:00,600350.XSHG,山东高速,SELL,100,5.18,5.52
2016-06-17 14:50:00,600350.XSHG,山东高速,SELL,100,5.17,5.52
2016-06-17 14:50:00,600583.XSHG,海油工程,BUY,100,6.86,5.00
2016-06-20 14:50:00,600350.XSHG,山东高速,SELL,200,5.21,6.04
2016-06-20 14:50:00,600583.XSHG,海油工程,BUY,200,6.85,5.00
2016-06-21 14:50:00,600350.XSHG,山东高速,SELL,100,5.21,5.52
2016-09-28 14:50:00,600583.XSHG,海油工程,SELL,8500,6.74,71.00
2016-09-28 14:50:00,600350.XSHG,山东高速,BUY,9200,6.15,13.58
2016-09-29 14:50:00,600583.XSHG,海油工程,SELL,6400,6.83,54.17
2016-09-29 14:50:00,600350.XSHG,山东高速,BUY,3700,6.09,5.41
2016-09-30 14:50:00,600583.XSHG,海油工程,SELL,13600,6.82,114.94
2016-09-30 14:50:00,600350.XSHG,山东高速,BUY,6000,6.05,8.71
2016-10-10 14:50:00,600583.XSHG,海油工程,SELL,6900,6.97,59.68
2016-10-10 14:50:00,600350.XSHG,山东高速,BUY,3200,6.13,5.00
2016-10-11 14:50:00,600350.XSHG,山东高速,BUY,12700,6.19,18.87
2016-10-12 14:50:00,600350.XSHG,山东高速,BUY,2200,6.24,5.00
2016-10-13 14:50:00,600350.XSHG,山东高速,BUY,3000,6.33,5.00
2016-12-27 14:50:00,600350.XSHG,山东高速,BUY,100,6.23,5.00
2016-12-30 14:50:00,600350.XSHG,山东高速,SELL,100,6.42,5.64
2017-01-05 14:50:00,601339.XSHG,百隆东方,BUY,4600,6.31,6.97
2017-01-05 14:50:00,600350.XSHG,山东高速,SELL,13900,6.75,116.28
2017-01-06 14:50:00,601339.XSHG,百隆东方,BUY,8900,6.26,13.37
2017-01-06 14:50:00,600350.XSHG,山东高速,SELL,9400,6.73,78.40
2017-01-09 14:50:00,601339.XSHG,百隆东方,BUY,900,6.32,5.00
2017-01-09 14:50:00,600350.XSHG,山东高速,SELL,800,6.72,10.37
2017-01-10 14:50:00,601339.XSHG,百隆东方,BUY,900,6.30,5.00
2017-01-10 14:50:00,600350.XSHG,山东高速,SELL,18900,6.64,155.54
2017-01-11 14:50:00,601339.XSHG,百隆东方,BUY,5600,6.25,8.40
2017-01-12 14:50:00,601339.XSHG,百隆东方,BUY,800,6.22,5.00
2017-01-12 14:50:00,600350.XSHG,山东高速,BUY,200,6.55,5.00
2017-01-13 14:50:00,601339.XSHG,百隆东方,BUY,1000,6.15,5.00
2017-01-13 14:50:00,600350.XSHG,山东高速,SELL,400,6.61,7.64
2017-01-16 14:50:00,601339.XSHG,百隆东方,BUY,24700,5.96,35.33
2017-01-16 14:50:00,600350.XSHG,山东高速,SELL,200,6.55,6.31
2017-01-17 14:50:00,601339.XSHG,百隆东方,SELL,300,5.96,6.79
2017-01-17 14:50:00,600350.XSHG,山东高速,BUY,200,6.59,5.00
2017-01-18 14:50:00,601339.XSHG,百隆东方,BUY,400,5.98,5.00
2017-01-18 14:50:00,600350.XSHG,山东高速,SELL,700,6.75,9.72
2017-01-19 14:50:00,601339.XSHG,百隆东方,BUY,100,5.97,5.00
2017-01-19 14:50:00,600350.XSHG,山东高速,BUY,100,6.71,5.00
2017-01-20 14:50:00,600350.XSHG,山东高速,BUY,100,6.76,5.00
2017-01-25 14:50:00,601339.XSHG,百隆东方,SELL,200,6.08,6.22
2017-01-25 14:50:00,600350.XSHG,山东高速,BUY,100,6.82,5.00
2017-03-30 14:50:00,601339.XSHG,百隆东方,BUY,300,6.26,5.00
2017-03-30 14:50:00,600350.XSHG,山东高速,SELL,300,7.01,7.10
2017-05-03 14:50:00,000780.XSHE,*ST平能,BUY,300,4.50,5.00
2017-05-03 14:50:00,601339.XSHG,百隆东方,SELL,1000,5.82,10.82
2017-05-03 14:50:00,000623.XSHE,吉林敖东,BUY,1200,28.59,8.23
2017-05-03 14:50:00,600350.XSHG,山东高速,SELL,16200,6.21,124.72
2017-05-03 14:50:00,000157.XSHE,中联重科,BUY,22500,4.53,24.48
2017-05-04 14:50:00,000780.XSHE,*ST平能,SELL,100,4.40,5.44
2017-05-04 14:50:00,601339.XSHG,百隆东方,SELL,5600,5.81,40.35
2017-05-04 14:50:00,000623.XSHE,吉林敖东,BUY,1100,28.52,7.53
2017-05-04 14:50:00,600350.XSHG,山东高速,SELL,8700,6.25,67.41
2017-05-04 14:50:00,000157.XSHE,中联重科,BUY,1600,4.51,5.00
2017-05-05 14:50:00,000780.XSHE,*ST平能,BUY,9200,4.34,9.59
2017-05-05 14:50:00,601339.XSHG,百隆东方,SELL,1800,5.78,15.41
2017-05-05 14:50:00,000623.XSHE,吉林敖东,BUY,600,28.00,5.00
2017-05-05 14:50:00,600350.XSHG,山东高速,BUY,100,6.16,5.00
2017-05-05 14:50:00,000157.XSHE,中联重科,BUY,200,4.41,5.00
2017-05-08 14:50:00,601339.XSHG,百隆东方,SELL,5800,5.67,40.79
2017-05-08 14:50:00,000623.XSHE,吉林敖东,BUY,900,27.77,6.00
2017-05-08 14:50:00,600350.XSHG,山东高速,BUY,200,5.97,5.00
2017-05-11 14:50:00,000780.XSHE,*ST平能,BUY,1600,4.26,5.00
2017-05-11 14:50:00,601339.XSHG,百隆东方,SELL,4200,5.56,28.97
2017-05-11 14:50:00,600350.XSHG,山东高速,SELL,100,5.90,5.59
2017-05-19 14:50:00,000780.XSHE,*ST平能,BUY,500,4.31,5.00
2017-05-19 14:50:00,601339.XSHG,百隆东方,SELL,400,5.75,7.30
2017-05-19 14:50:00,600350.XSHG,山东高速,SELL,100,6.05,5.60
2017-05-19 14:50:00,000157.XSHE,中联重科,BUY,400,4.28,5.00
2018-01-02 14:50:00,000157.XSHE,中联重科,SELL,24700,4.51,138.05
2018-01-02 14:50:00,000623.XSHE,吉林敖东,SELL,4940,22.53,137.99
2018-01-02 14:50:00,000780.XSHE,*ST平能,SELL,1600,5.05,13.09
2018-01-02 14:50:00,600350.XSHG,山东高速,SELL,5700,6.04,42.69
2018-01-02 14:50:00,601339.XSHG,百隆东方,SELL,2100,5.32,16.18
2018-01-02 14:50:00,300105.XSHE,龙源技术,BUY,5100,5.56,6.80
2018-01-02 14:50:00,600368.XSHG,五洲交通,BUY,3500,5.37,5.00
2018-01-02 14:50:00,000616.XSHE,海航投资,BUY,12100,3.42,9.92
2018-01-02 14:50:00,002638.XSHE,勤上股份,BUY,15500,4.66,17.35
2018-01-02 14:50:00,600757.XSHG,长江传媒,BUY,2400,7.04,5.00
2018-01-03 14:50:00,000780.XSHE,*ST平能,SELL,4100,5.02,25.60
2018-01-03 14:50:00,600350.XSHG,山东高速,SELL,5000,6.05,37.51
2018-01-03 14:50:00,601339.XSHG,百隆东方,SELL,15600,5.30,102.59
2018-01-03 14:50:00,300105.XSHE,龙源技术,BUY,3800,5.64,5.14
2018-01-03 14:50:00,600368.XSHG,五洲交通,BUY,7800,5.37,10.05
2018-01-03 14:50:00,000616.XSHE,海航投资,BUY,17600,3.47,14.65
2018-01-03 14:50:00,002638.XSHE,勤上股份,BUY,8000,4.69,9.01
2018-01-03 14:50:00,600757.XSHG,长江传媒,BUY,2900,7.02,5.00
2018-01-04 14:50:00,000780.XSHE,*ST平能,SELL,4900,5.06,30.77
2018-01-04 14:50:00,600350.XSHG,山东高速,SELL,5900,6.06,44.33
2018-01-04 14:50:00,601339.XSHG,百隆东方,SELL,2100,5.33,16.20
2018-01-04 14:50:00,600368.XSHG,五洲交通,BUY,2200,5.41,5.00
2018-01-04 14:50:00,000616.XSHE,海航投资,BUY,2300,3.46,5.00
2018-01-04 14:50:00,002638.XSHE,勤上股份,SELL,300,4.74,6.42
2018-01-04 14:50:00,600757.XSHG,长江传媒,BUY,10500,6.99,17.63
2018-01-05 14:50:00,000780.XSHE,*ST平能,SELL,900,5.07,9.57
2018-01-05 14:50:00,300105.XSHE,龙源技术,SELL,8900,5.64,62.26
2018-01-05 14:50:00,600350.XSHG,山东高速,SELL,800,6.13,9.90
2018-01-05 14:50:00,601339.XSHG,百隆东方,SELL,9100,5.33,60.18
2018-01-05 14:50:00,600368.XSHG,五洲交通,BUY,2700,5.42,5.00
2018-01-05 14:50:00,000616.XSHE,海航投资,SELL,800,3.56,7.85
2018-01-05 14:50:00,600757.XSHG,长江传媒,BUY,100,7.02,5.00
2018-01-05 14:50:00,000719.XSHE,中原传媒,BUY,2500,9.39,5.63